URL,Path,Template,Theme,Header,Footer,Language,Migration,Phase,Priority,Gate,Actions,Key Blocks,Notes
https://www.wellsfargo.com/,/,T1 Homepage,Default,Default,Default,EN,Yes,Phase 1,1,Gate 1 (Representative),"Import, Style, Validate","Hero, Carousel, Cards, Tabs, Sign-On Tile, App Promo, help-cta, Disclaimers",
https://www.wellsfargo.com/_navlinks/financial-assistance-nav-links/,/_navlinks/financial-assistance-nav-links/,Excluded (CMS Fragment),Default,Default,Default,EN,No,Excluded,14,-,-,-,Internal CMS fragment - excluded
https://www.wellsfargo.com/_navlinks/fixed-income-nav-links/,/_navlinks/fixed-income-nav-links/,Excluded (CMS Fragment),Default,Default,Default,EN,No,Excluded,14,-,-,-,Internal CMS fragment - excluded
https://www.wellsfargo.com/_navlinks/quarterly-earnings-nav-links/,/_navlinks/quarterly-earnings-nav-links/,Excluded (CMS Fragment),Default,Default,Default,EN,No,Excluded,14,-,-,-,Internal CMS fragment - excluded
https://www.wellsfargo.com/about/,/about/,T14 About Landing,Default,Default,Default,EN,Yes,Phase 1,9,Gate 1 (Representative),"Import, Style, Validate","Hero, Cards, Fragment, Columns, Disclaimers",
https://www.wellsfargo.com/about/corporate/governance/black/,/about/corporate/governance/black/,T13 Leadership Bio,Default,Default,Default,EN,Yes,Phase 1,5,Gate 2 (Validation Batch),"Import, Style, Validate","Columns, Cards, Default content, Disclaimers",
https://www.wellsfargo.com/about/corporate/governance/chancy/,/about/corporate/governance/chancy/,T13 Leadership Bio,Default,Default,Default,EN,Yes,Phase 1,5,Gate 2 (Validation Batch),"Import, Style, Validate","Columns, Cards, Default content, Disclaimers",
https://www.wellsfargo.com/about/corporate/governance/craver/,/about/corporate/governance/craver/,T13 Leadership Bio,Default,Default,Default,EN,Yes,Phase 1,5,Gate 3 (Bulk Import),"Import, Style, Validate","Columns, Cards, Default content, Disclaimers",
https://www.wellsfargo.com/about/corporate/governance/davis/,/about/corporate/governance/davis/,T13 Leadership Bio,Default,Default,Default,EN,Yes,Phase 1,5,Gate 2 (Validation Batch),"Import, Style, Validate","Columns, Cards, Default content, Disclaimers",
https://www.wellsfargo.com/about/corporate/governance/engle/,/about/corporate/governance/engle/,T13 Leadership Bio,Default,Default,Default,EN,Yes,Phase 1,5,Gate 3 (Bulk Import),"Import, Style, Validate","Columns, Cards, Default content, Disclaimers",
https://www.wellsfargo.com/about/corporate/governance/fercho/,/about/corporate/governance/fercho/,T13 Leadership Bio,Default,Default,Default,EN,Yes,Phase 1,5,Gate 2 (Validation Batch),"Import, Style, Validate","Columns, Cards, Default content, Disclaimers",
https://www.wellsfargo.com/about/corporate/governance/flowers/,/about/corporate/governance/flowers/,T13 Leadership Bio,Default,Default,Default,EN,Yes,Phase 1,5,Gate 2 (Validation Batch),"Import, Style, Validate","Columns, Cards, Default content, Disclaimers",
https://www.wellsfargo.com/about/corporate/governance/garcia/,/about/corporate/governance/garcia/,T13 Leadership Bio,Default,Default,Default,EN,Yes,Phase 1,5,Gate 3 (Bulk Import),"Import, Style, Validate","Columns, Cards, Default content, Disclaimers",
https://www.wellsfargo.com/about/corporate/governance/hewett/,/about/corporate/governance/hewett/,T13 Leadership Bio,Default,Default,Default,EN,Yes,Phase 1,5,Gate 3 (Bulk Import),"Import, Style, Validate","Columns, Cards, Default content, Disclaimers",
https://www.wellsfargo.com/about/corporate/governance/hranicky/,/about/corporate/governance/hranicky/,T13 Leadership Bio,Default,Default,Default,EN,Yes,Phase 1,5,Gate 3 (Bulk Import),"Import, Style, Validate","Columns, Cards, Default content, Disclaimers",
https://www.wellsfargo.com/about/corporate/governance/ling/,/about/corporate/governance/ling/,T13 Leadership Bio,Default,Default,Default,EN,Yes,Phase 1,5,Gate 3 (Bulk Import),"Import, Style, Validate","Columns, Cards, Default content, Disclaimers",
https://www.wellsfargo.com/about/corporate/governance/morken/,/about/corporate/governance/morken/,T13 Leadership Bio,Default,Default,Default,EN,Yes,Phase 1,5,Gate 3 (Bulk Import),"Import, Style, Validate","Columns, Cards, Default content, Disclaimers",
https://www.wellsfargo.com/about/corporate/governance/morris/,/about/corporate/governance/morris/,T13 Leadership Bio,Default,Default,Default,EN,Yes,Phase 1,5,Gate 3 (Bulk Import),"Import, Style, Validate","Columns, Cards, Default content, Disclaimers",
https://www.wellsfargo.com/about/corporate/governance/norwood/,/about/corporate/governance/norwood/,T13 Leadership Bio,Default,Default,Default,EN,Yes,Phase 1,5,Gate 3 (Bulk Import),"Import, Style, Validate","Columns, Cards, Default content, Disclaimers",
https://www.wellsfargo.com/about/corporate/governance/patterson/,/about/corporate/governance/patterson/,T13 Leadership Bio,Default,Default,Default,EN,Yes,Phase 1,5,Gate 3 (Bulk Import),"Import, Style, Validate","Columns, Cards, Default content, Disclaimers",
https://www.wellsfargo.com/about/corporate/governance/powell/,/about/corporate/governance/powell/,T13 Leadership Bio,Default,Default,Default,EN,Yes,Phase 1,5,Gate 3 (Bulk Import),"Import, Style, Validate","Columns, Cards, Default content, Disclaimers",
https://www.wellsfargo.com/about/corporate/governance/ricci/,/about/corporate/governance/ricci/,T13 Leadership Bio,Default,Default,Default,EN,Yes,Phase 1,5,Gate 3 (Bulk Import),"Import, Style, Validate","Columns, Cards, Default content, Disclaimers",
https://www.wellsfargo.com/about/corporate/governance/rivas/,/about/corporate/governance/rivas/,T13 Leadership Bio,Default,Default,Default,EN,Yes,Phase 1,5,Gate 3 (Bulk Import),"Import, Style, Validate","Columns, Cards, Default content, Disclaimers",
https://www.wellsfargo.com/about/corporate/governance/rosenberg/,/about/corporate/governance/rosenberg/,T13 Leadership Bio,Default,Default,Default,EN,Yes,Phase 1,5,Gate 3 (Bulk Import),"Import, Style, Validate","Columns, Cards, Default content, Disclaimers",
https://www.wellsfargo.com/about/corporate/governance/santomassimo/,/about/corporate/governance/santomassimo/,T13 Leadership Bio,Default,Default,Default,EN,Yes,Phase 1,5,Gate 3 (Bulk Import),"Import, Style, Validate","Columns, Cards, Default content, Disclaimers",
https://www.wellsfargo.com/about/corporate/governance/santos/,/about/corporate/governance/santos/,T13 Leadership Bio,Default,Default,Default,EN,Yes,Phase 1,5,Gate 3 (Bulk Import),"Import, Style, Validate","Columns, Cards, Default content, Disclaimers",
https://www.wellsfargo.com/about/corporate/governance/sargent/,/about/corporate/governance/sargent/,T13 Leadership Bio,Default,Default,Default,EN,Yes,Phase 1,5,Gate 3 (Bulk Import),"Import, Style, Validate","Columns, Cards, Default content, Disclaimers",
https://www.wellsfargo.com/about/corporate/governance/scharf/,/about/corporate/governance/scharf/,T13 Leadership Bio,Default,Default,Default,EN,Yes,Phase 1,5,Gate 1 (Representative),"Import, Style, Validate","Columns, Cards, Default content, Disclaimers",
https://www.wellsfargo.com/about/corporate/governance/sommers/,/about/corporate/governance/sommers/,T13 Leadership Bio,Default,Default,Default,EN,Yes,Phase 1,5,Gate 3 (Bulk Import),"Import, Style, Validate","Columns, Cards, Default content, Disclaimers",
https://www.wellsfargo.com/about/corporate/governance/vanbeurden/,/about/corporate/governance/vanbeurden/,T13 Leadership Bio,Default,Default,Default,EN,Yes,Phase 1,5,Gate 3 (Bulk Import),"Import, Style, Validate","Columns, Cards, Default content, Disclaimers",
https://www.wellsfargo.com/about/corporate/norwest/,/about/corporate/norwest/,T5 Education Article,Default,Default,Default,EN,Yes,Phase 1,11,Gate 3 (Bulk Import),"Import, Style, Validate","Default content, Cards, Help Sidebar, Disclaimers",
https://www.wellsfargo.com/about/inclusion/,/about/inclusion/,T5 Education Article,Default,Default,Default,EN,Yes,Phase 1,11,Gate 2 (Validation Batch),"Import, Style, Validate","Default content, Cards, Help Sidebar, Disclaimers",
https://www.wellsfargo.com/about/inclusion/banking-inclusion-initiative/,/about/inclusion/banking-inclusion-initiative/,T5 Education Article,Default,Default,Default,EN,Yes,Phase 1,11,Gate 3 (Bulk Import),"Import, Style, Validate","Default content, Cards, Help Sidebar, Disclaimers",
https://www.wellsfargo.com/about/investor-relations/,/about/investor-relations/,T5 Education Article,Default,Default,Default,EN,Yes,Phase 1,11,Gate 2 (Validation Batch),"Import, Style, Validate","Default content, Cards, Help Sidebar, Disclaimers",
https://www.wellsfargo.com/about/investor-relations/annual-reports/,/about/investor-relations/annual-reports/,T5 Education Article,Default,Default,Default,EN,Yes,Phase 1,11,Gate 3 (Bulk Import),"Import, Style, Validate","Default content, Cards, Help Sidebar, Disclaimers",
https://www.wellsfargo.com/about/investor-relations/disclosures/,/about/investor-relations/disclosures/,T5 Education Article,Default,Default,Default,EN,Yes,Phase 1,11,Gate 3 (Bulk Import),"Import, Style, Validate","Default content, Cards, Help Sidebar, Disclaimers",
https://www.wellsfargo.com/about/investor-relations/events/,/about/investor-relations/events/,T5 Education Article,Default,Default,Default,EN,Yes,Phase 1,11,Gate 3 (Bulk Import),"Import, Style, Validate","Default content, Cards, Help Sidebar, Disclaimers",
https://www.wellsfargo.com/about/investor-relations/filings/,/about/investor-relations/filings/,T5 Education Article,Default,Default,Default,EN,Yes,Phase 1,11,Gate 3 (Bulk Import),"Import, Style, Validate","Default content, Cards, Help Sidebar, Disclaimers",
https://www.wellsfargo.com/about/investor-relations/fixed-income/,/about/investor-relations/fixed-income/,T5 Education Article,Default,Default,Default,EN,Yes,Phase 1,11,Gate 3 (Bulk Import),"Import, Style, Validate","Default content, Cards, Help Sidebar, Disclaimers",
https://www.wellsfargo.com/about/investor-relations/legal-disclaimers/,/about/investor-relations/legal-disclaimers/,T5 Education Article,Default,Default,Default,EN,Yes,Phase 1,11,Gate 3 (Bulk Import),"Import, Style, Validate","Default content, Cards, Help Sidebar, Disclaimers",
https://www.wellsfargo.com/about/investor-relations/quarterly-earnings/,/about/investor-relations/quarterly-earnings/,T5 Education Article,Default,Default,Default,EN,Yes,Phase 1,11,Gate 3 (Bulk Import),"Import, Style, Validate","Default content, Cards, Help Sidebar, Disclaimers",
https://www.wellsfargo.com/about/investor-relations/shareholder-information/,/about/investor-relations/shareholder-information/,T5 Education Article,Default,Default,Default,EN,Yes,Phase 1,11,Gate 3 (Bulk Import),"Import, Style, Validate","Default content, Cards, Help Sidebar, Disclaimers",
https://www.wellsfargo.com/about/investor-relations/shareholder-information/deemed-distribution-announcements/,/about/investor-relations/shareholder-information/deemed-distribution-announcements/,T5 Education Article,Default,Default,Default,EN,Yes,Phase 1,11,Gate 3 (Bulk Import),"Import, Style, Validate","Default content, Cards, Help Sidebar, Disclaimers",
https://www.wellsfargo.com/about/investor-relations/shareholder-information/wachovia/,/about/investor-relations/shareholder-information/wachovia/,T5 Education Article,Default,Default,Default,EN,Yes,Phase 1,11,Gate 3 (Bulk Import),"Import, Style, Validate","Default content, Cards, Help Sidebar, Disclaimers",
https://www.wellsfargo.com/about/responsibility-and-impact/,/about/responsibility-and-impact/,T5 Education Article,Default,Default,Default,EN,Yes,Phase 1,11,Gate 2 (Validation Batch),"Import, Style, Validate","Default content, Cards, Help Sidebar, Disclaimers",
https://www.wellsfargo.com/about/responsibility-and-impact/community-giving/,/about/responsibility-and-impact/community-giving/,T5 Education Article,Default,Default,Default,EN,Yes,Phase 1,11,Gate 3 (Bulk Import),"Import, Style, Validate","Default content, Cards, Help Sidebar, Disclaimers",
https://www.wellsfargo.com/about/responsibility-and-impact/community-giving/giving-faqs/,/about/responsibility-and-impact/community-giving/giving-faqs/,T5 Education Article,Default,Default,Default,EN,Yes,Phase 1,11,Gate 3 (Bulk Import),"Import, Style, Validate","Default content, Cards, Help Sidebar, Disclaimers",
https://www.wellsfargo.com/about/responsibility-and-impact/community-giving/grant-process/,/about/responsibility-and-impact/community-giving/grant-process/,T5 Education Article,Default,Default,Default,EN,Yes,Phase 1,11,Gate 3 (Bulk Import),"Import, Style, Validate","Default content, Cards, Help Sidebar, Disclaimers",
https://www.wellsfargo.com/about/responsibility-and-impact/community-reinvestment-act/,/about/responsibility-and-impact/community-reinvestment-act/,T5 Education Article,Default,Default,Default,EN,Yes,Phase 1,11,Gate 3 (Bulk Import),"Import, Style, Validate","Default content, Cards, Help Sidebar, Disclaimers",
https://www.wellsfargo.com/about/responsibility-and-impact/government-relations/,/about/responsibility-and-impact/government-relations/,T5 Education Article,Default,Default,Default,EN,Yes,Phase 1,11,Gate 3 (Bulk Import),"Import, Style, Validate","Default content, Cards, Help Sidebar, Disclaimers",
https://www.wellsfargo.com/about/responsibility-and-impact/sustainability/,/about/responsibility-and-impact/sustainability/,T5 Education Article,Default,Default,Default,EN,Yes,Phase 1,11,Gate 3 (Bulk Import),"Import, Style, Validate","Default content, Cards, Help Sidebar, Disclaimers",
https://www.wellsfargo.com/about/supply-chain-management/,/about/supply-chain-management/,T5 Education Article,Default,Default,Default,EN,Yes,Phase 1,11,Gate 3 (Bulk Import),"Import, Style, Validate","Default content, Cards, Help Sidebar, Disclaimers",
https://www.wellsfargo.com/about/teamworks/,/about/teamworks/,T5 Education Article,Default,Default,Default,EN,Yes,Phase 1,11,Gate 3 (Bulk Import),"Import, Style, Validate","Default content, Cards, Help Sidebar, Disclaimers",
https://www.wellsfargo.com/atm/,/atm/,T12 Privacy/Legal/Utility,Default,Default,Default,EN,Yes,Phase 1,13,Gate 1 (Representative),"Import, Style, Validate","Default content, Table, Columns, Disclaimers",
https://www.wellsfargo.com/auto-loans/,/auto-loans/,T4 L2 Category Hub,Default,Default,Default,EN,Yes,Phase 1,10,Gate 1 (Representative),"Import, Style, Validate","Hero, Cards, Columns, Accordion, App Promo, Disclaimers",
https://www.wellsfargo.com/auto-loans/assist/,/auto-loans/assist/,T3 Product Detail,Default,Default,Default,EN,Yes,Phase 1,3,Gate 3 (Bulk Import),"Import, Style, Validate","Hero, Cards, Table, Accordion, help-cta, Disclaimers",
https://www.wellsfargo.com/auto-loans/make-payments/,/auto-loans/make-payments/,T3 Product Detail,Default,Default,Default,EN,Yes,Phase 1,3,Gate 3 (Bulk Import),"Import, Style, Validate","Hero, Cards, Table, Accordion, help-cta, Disclaimers",
https://www.wellsfargo.com/auto-loans/vehicle-financing-101/,/auto-loans/vehicle-financing-101/,T3 Product Detail,Default,Default,Default,EN,Yes,Phase 1,3,Gate 3 (Bulk Import),"Import, Style, Validate","Hero, Cards, Table, Accordion, help-cta, Disclaimers",
https://www.wellsfargo.com/biz/,/biz/,T8a Biz Landing,Default,Biz,Biz,EN,Yes,Phase 1,6,Gate 1 (Representative),"Import, Style, Validate","Hero, Cards, Columns, App Promo, Disclaimers",
https://www.wellsfargo.com/biz/business-credit/,/biz/business-credit/,T8b Biz Sub-page,Default,Biz,Biz,EN,Yes,Phase 1,6,Gate 3 (Bulk Import),"Import, Style, Validate","Hero, Cards, product-comparison, Table, Disclaimers",
https://www.wellsfargo.com/biz/business-credit/agreements/,/biz/business-credit/agreements/,T8b Biz Sub-page,Default,Biz,Biz,EN,Yes,Phase 1,6,Gate 3 (Bulk Import),"Import, Style, Validate","Hero, Cards, product-comparison, Table, Disclaimers",
https://www.wellsfargo.com/biz/business-credit/agreements/signify-business-cash-agreement/,/biz/business-credit/agreements/signify-business-cash-agreement/,T8b Biz Sub-page,Default,Biz,Biz,EN,Yes,Phase 1,6,Gate 3 (Bulk Import),"Import, Style, Validate","Hero, Cards, product-comparison, Table, Disclaimers",
https://www.wellsfargo.com/biz/business-credit/agreements/signify-business-elite-agreement/,/biz/business-credit/agreements/signify-business-elite-agreement/,T8b Biz Sub-page,Default,Biz,Biz,EN,Yes,Phase 1,6,Gate 3 (Bulk Import),"Import, Style, Validate","Hero, Cards, product-comparison, Table, Disclaimers",
https://www.wellsfargo.com/biz/business-credit/credit-cards/documents/,/biz/business-credit/credit-cards/documents/,T8b Biz Sub-page,Default,Biz,Biz,EN,Yes,Phase 1,6,Gate 3 (Bulk Import),"Import, Style, Validate","Hero, Cards, product-comparison, Table, Disclaimers",
https://www.wellsfargo.com/biz/business-credit/credit-cards/rewards/cash-back-terms/,/biz/business-credit/credit-cards/rewards/cash-back-terms/,T8b Biz Sub-page,Default,Biz,Biz,EN,Yes,Phase 1,6,Gate 3 (Bulk Import),"Import, Style, Validate","Hero, Cards, product-comparison, Table, Disclaimers",
https://www.wellsfargo.com/biz/business-credit/credit-cards/signify-business-cash-credit-card-terms-conditions/,/biz/business-credit/credit-cards/signify-business-cash-credit-card-terms-conditions/,T8b Biz Sub-page,Default,Biz,Biz,EN,Yes,Phase 1,6,Gate 3 (Bulk Import),"Import, Style, Validate","Hero, Cards, product-comparison, Table, Disclaimers",
https://www.wellsfargo.com/biz/business-credit/credit-cards/signify-business-cash-guide-to-benefits/,/biz/business-credit/credit-cards/signify-business-cash-guide-to-benefits/,T8b Biz Sub-page,Default,Biz,Biz,EN,Yes,Phase 1,6,Gate 3 (Bulk Import),"Import, Style, Validate","Hero, Cards, product-comparison, Table, Disclaimers",
https://www.wellsfargo.com/biz/business-credit/lightbox-prime/,/biz/business-credit/lightbox-prime/,T8b Biz Sub-page,Default,Biz,Biz,EN,Yes,Phase 1,6,Gate 3 (Bulk Import),"Import, Style, Validate","Hero, Cards, product-comparison, Table, Disclaimers",
https://www.wellsfargo.com/biz/business-credit/lines-of-credit/,/biz/business-credit/lines-of-credit/,T8b Biz Sub-page,Default,Biz,Biz,EN,Yes,Phase 1,6,Gate 3 (Bulk Import),"Import, Style, Validate","Hero, Cards, product-comparison, Table, Disclaimers",
https://www.wellsfargo.com/biz/business-credit/lines-of-credit/prime-line-of-credit/,/biz/business-credit/lines-of-credit/prime-line-of-credit/,T8b Biz Sub-page,Default,Biz,Biz,EN,Yes,Phase 1,6,Gate 3 (Bulk Import),"Import, Style, Validate","Hero, Cards, product-comparison, Table, Disclaimers",
https://www.wellsfargo.com/biz/checking/,/biz/checking/,T8b Biz Sub-page,Default,Biz,Biz,EN,Yes,Phase 1,6,Gate 2 (Validation Batch),"Import, Style, Validate","Hero, Cards, product-comparison, Table, Disclaimers",
https://www.wellsfargo.com/biz/checking/compare-checking-accounts/,/biz/checking/compare-checking-accounts/,T8b Biz Sub-page,Default,Biz,Biz,EN,Yes,Phase 1,6,Gate 3 (Bulk Import),"Import, Style, Validate","Hero, Cards, product-comparison, Table, Disclaimers",
https://www.wellsfargo.com/biz/checking/initiate/,/biz/checking/initiate/,T8b Biz Sub-page,Default,Biz,Biz,EN,Yes,Phase 1,6,Gate 3 (Bulk Import),"Import, Style, Validate","Hero, Cards, product-comparison, Table, Disclaimers",
https://www.wellsfargo.com/biz/checking/navigate/,/biz/checking/navigate/,T8b Biz Sub-page,Default,Biz,Biz,EN,Yes,Phase 1,6,Gate 3 (Bulk Import),"Import, Style, Validate","Hero, Cards, product-comparison, Table, Disclaimers",
https://www.wellsfargo.com/biz/checking/optimize/,/biz/checking/optimize/,T8b Biz Sub-page,Default,Biz,Biz,EN,Yes,Phase 1,6,Gate 3 (Bulk Import),"Import, Style, Validate","Hero, Cards, product-comparison, Table, Disclaimers",
https://www.wellsfargo.com/biz/checking/optimize/treasury-services/,/biz/checking/optimize/treasury-services/,T8b Biz Sub-page,Default,Biz,Biz,EN,Yes,Phase 1,6,Gate 3 (Bulk Import),"Import, Style, Validate","Hero, Cards, product-comparison, Table, Disclaimers",
https://www.wellsfargo.com/biz/debit-card/,/biz/debit-card/,T8b Biz Sub-page,Default,Biz,Biz,EN,Yes,Phase 1,6,Gate 3 (Bulk Import),"Import, Style, Validate","Hero, Cards, product-comparison, Table, Disclaimers",
https://www.wellsfargo.com/biz/debit-card/design/,/biz/debit-card/design/,T8b Biz Sub-page,Default,Biz,Biz,EN,Yes,Phase 1,6,Gate 3 (Bulk Import),"Import, Style, Validate","Hero, Cards, product-comparison, Table, Disclaimers",
https://www.wellsfargo.com/biz/fee-information/,/biz/fee-information/,T8b Biz Sub-page,Default,Biz,Biz,EN,Yes,Phase 1,6,Gate 3 (Bulk Import),"Import, Style, Validate","Hero, Cards, product-comparison, Table, Disclaimers",
https://www.wellsfargo.com/biz/help/,/biz/help/,T8b Biz Sub-page,Default,Biz,Biz,EN,Yes,Phase 1,6,Gate 3 (Bulk Import),"Import, Style, Validate","Hero, Cards, product-comparison, Table, Disclaimers",
https://www.wellsfargo.com/biz/help/addresses/,/biz/help/addresses/,T8b Biz Sub-page,Default,Biz,Biz,EN,Yes,Phase 1,6,Gate 3 (Bulk Import),"Import, Style, Validate","Hero, Cards, product-comparison, Table, Disclaimers",
https://www.wellsfargo.com/biz/help/apply/,/biz/help/apply/,T8b Biz Sub-page,Default,Biz,Biz,EN,Yes,Phase 1,6,Gate 3 (Bulk Import),"Import, Style, Validate","Hero, Cards, product-comparison, Table, Disclaimers",
https://www.wellsfargo.com/biz/help/faqs/,/biz/help/faqs/,T8b Biz Sub-page,Default,Biz,Biz,EN,Yes,Phase 1,6,Gate 3 (Bulk Import),"Import, Style, Validate","Hero, Cards, product-comparison, Table, Disclaimers",
https://www.wellsfargo.com/biz/help/faqs/accounts/,/biz/help/faqs/accounts/,T8b Biz Sub-page,Default,Biz,Biz,EN,Yes,Phase 1,6,Gate 3 (Bulk Import),"Import, Style, Validate","Hero, Cards, product-comparison, Table, Disclaimers",
https://www.wellsfargo.com/biz/help/faqs/alerts/,/biz/help/faqs/alerts/,T8b Biz Sub-page,Default,Biz,Biz,EN,Yes,Phase 1,6,Gate 3 (Bulk Import),"Import, Style, Validate","Hero, Cards, product-comparison, Table, Disclaimers",
https://www.wellsfargo.com/biz/help/faqs/budget-watch/,/biz/help/faqs/budget-watch/,T8b Biz Sub-page,Default,Biz,Biz,EN,Yes,Phase 1,6,Gate 3 (Bulk Import),"Import, Style, Validate","Hero, Cards, product-comparison, Table, Disclaimers",
https://www.wellsfargo.com/biz/help/faqs/business-line/,/biz/help/faqs/business-line/,T8b Biz Sub-page,Default,Biz,Biz,EN,Yes,Phase 1,6,Gate 3 (Bulk Import),"Import, Style, Validate","Hero, Cards, product-comparison, Table, Disclaimers",
https://www.wellsfargo.com/biz/help/faqs/credit-cards/,/biz/help/faqs/credit-cards/,T8b Biz Sub-page,Default,Biz,Biz,EN,Yes,Phase 1,6,Gate 3 (Bulk Import),"Import, Style, Validate","Hero, Cards, product-comparison, Table, Disclaimers",
https://www.wellsfargo.com/biz/help/faqs/deposit-hold/,/biz/help/faqs/deposit-hold/,T8b Biz Sub-page,Default,Biz,Biz,EN,Yes,Phase 1,6,Gate 3 (Bulk Import),"Import, Style, Validate","Hero, Cards, product-comparison, Table, Disclaimers",
https://www.wellsfargo.com/biz/help/faqs/direct-pay/,/biz/help/faqs/direct-pay/,T8b Biz Sub-page,Default,Biz,Biz,EN,Yes,Phase 1,6,Gate 3 (Bulk Import),"Import, Style, Validate","Hero, Cards, product-comparison, Table, Disclaimers",
https://www.wellsfargo.com/biz/help/faqs/overdraft-services/,/biz/help/faqs/overdraft-services/,T8b Biz Sub-page,Default,Biz,Biz,EN,Yes,Phase 1,6,Gate 3 (Bulk Import),"Import, Style, Validate","Hero, Cards, product-comparison, Table, Disclaimers",
https://www.wellsfargo.com/biz/help/faqs/quickbooks/,/biz/help/faqs/quickbooks/,T8b Biz Sub-page,Default,Biz,Biz,EN,Yes,Phase 1,6,Gate 3 (Bulk Import),"Import, Style, Validate","Hero, Cards, product-comparison, Table, Disclaimers",
https://www.wellsfargo.com/biz/help/faqs/quicken/,/biz/help/faqs/quicken/,T8b Biz Sub-page,Default,Biz,Biz,EN,Yes,Phase 1,6,Gate 3 (Bulk Import),"Import, Style, Validate","Hero, Cards, product-comparison, Table, Disclaimers",
https://www.wellsfargo.com/biz/help/faqs/term-loan/,/biz/help/faqs/term-loan/,T8b Biz Sub-page,Default,Biz,Biz,EN,Yes,Phase 1,6,Gate 3 (Bulk Import),"Import, Style, Validate","Hero, Cards, product-comparison, Table, Disclaimers",
https://www.wellsfargo.com/biz/help/faqs/xero/,/biz/help/faqs/xero/,T8b Biz Sub-page,Default,Biz,Biz,EN,Yes,Phase 1,6,Gate 3 (Bulk Import),"Import, Style, Validate","Hero, Cards, product-comparison, Table, Disclaimers",
https://www.wellsfargo.com/biz/help/faqs/zelle/,/biz/help/faqs/zelle/,T8b Biz Sub-page,Default,Biz,Biz,EN,Yes,Phase 1,6,Gate 3 (Bulk Import),"Import, Style, Validate","Hero, Cards, product-comparison, Table, Disclaimers",
https://www.wellsfargo.com/biz/merchant/,/biz/merchant/,T8b Biz Sub-page,Default,Biz,Biz,EN,Yes,Phase 1,6,Gate 2 (Validation Batch),"Import, Style, Validate","Hero, Cards, product-comparison, Table, Disclaimers",
https://www.wellsfargo.com/biz/merchant/advantages/,/biz/merchant/advantages/,T8b Biz Sub-page,Default,Biz,Biz,EN,Yes,Phase 1,6,Gate 3 (Bulk Import),"Import, Style, Validate","Hero, Cards, product-comparison, Table, Disclaimers",
https://www.wellsfargo.com/biz/merchant/payment-processing-options/,/biz/merchant/payment-processing-options/,T8b Biz Sub-page,Default,Biz,Biz,EN,Yes,Phase 1,6,Gate 3 (Bulk Import),"Import, Style, Validate","Hero, Cards, product-comparison, Table, Disclaimers",
https://www.wellsfargo.com/biz/merchant/payment-processing-options/clover-compact/,/biz/merchant/payment-processing-options/clover-compact/,T8b Biz Sub-page,Default,Biz,Biz,EN,Yes,Phase 1,6,Gate 3 (Bulk Import),"Import, Style, Validate","Hero, Cards, product-comparison, Table, Disclaimers",
https://www.wellsfargo.com/biz/merchant/payment-processing-options/clover-flex/,/biz/merchant/payment-processing-options/clover-flex/,T8b Biz Sub-page,Default,Biz,Biz,EN,Yes,Phase 1,6,Gate 3 (Bulk Import),"Import, Style, Validate","Hero, Cards, product-comparison, Table, Disclaimers",
https://www.wellsfargo.com/biz/merchant/payment-processing-options/clover-gateway-ecommerce/,/biz/merchant/payment-processing-options/clover-gateway-ecommerce/,T8b Biz Sub-page,Default,Biz,Biz,EN,Yes,Phase 1,6,Gate 3 (Bulk Import),"Import, Style, Validate","Hero, Cards, product-comparison, Table, Disclaimers",
https://www.wellsfargo.com/biz/merchant/payment-processing-options/clover-go/,/biz/merchant/payment-processing-options/clover-go/,T8b Biz Sub-page,Default,Biz,Biz,EN,Yes,Phase 1,6,Gate 3 (Bulk Import),"Import, Style, Validate","Hero, Cards, product-comparison, Table, Disclaimers",
https://www.wellsfargo.com/biz/merchant/payment-processing-options/clover-mini/,/biz/merchant/payment-processing-options/clover-mini/,T8b Biz Sub-page,Default,Biz,Biz,EN,Yes,Phase 1,6,Gate 3 (Bulk Import),"Import, Style, Validate","Hero, Cards, product-comparison, Table, Disclaimers",
https://www.wellsfargo.com/biz/merchant/payment-processing-options/clover-station-duo/,/biz/merchant/payment-processing-options/clover-station-duo/,T8b Biz Sub-page,Default,Biz,Biz,EN,Yes,Phase 1,6,Gate 3 (Bulk Import),"Import, Style, Validate","Hero, Cards, product-comparison, Table, Disclaimers",
https://www.wellsfargo.com/biz/merchant/payment-processing-options/clover-station-solo/,/biz/merchant/payment-processing-options/clover-station-solo/,T8b Biz Sub-page,Default,Biz,Biz,EN,Yes,Phase 1,6,Gate 3 (Bulk Import),"Import, Style, Validate","Hero, Cards, product-comparison, Table, Disclaimers",
https://www.wellsfargo.com/biz/merchant/payment-processing-pricing/,/biz/merchant/payment-processing-pricing/,T8b Biz Sub-page,Default,Biz,Biz,EN,Yes,Phase 1,6,Gate 3 (Bulk Import),"Import, Style, Validate","Hero, Cards, product-comparison, Table, Disclaimers",
https://www.wellsfargo.com/biz/mobile/,/biz/mobile/,T8b Biz Sub-page,Default,Biz,Biz,EN,Yes,Phase 1,6,Gate 3 (Bulk Import),"Import, Style, Validate","Hero, Cards, product-comparison, Table, Disclaimers",
https://www.wellsfargo.com/biz/online-banking/,/biz/online-banking/,T8b Biz Sub-page,Default,Biz,Biz,EN,Yes,Phase 1,6,Gate 2 (Validation Batch),"Import, Style, Validate","Hero, Cards, product-comparison, Table, Disclaimers",
https://www.wellsfargo.com/biz/online-banking/alerts/,/biz/online-banking/alerts/,T8b Biz Sub-page,Default,Biz,Biz,EN,Yes,Phase 1,6,Gate 3 (Bulk Import),"Import, Style, Validate","Hero, Cards, product-comparison, Table, Disclaimers",
https://www.wellsfargo.com/biz/online-banking/bill-pay/,/biz/online-banking/bill-pay/,T8b Biz Sub-page,Default,Biz,Biz,EN,Yes,Phase 1,6,Gate 3 (Bulk Import),"Import, Style, Validate","Hero, Cards, product-comparison, Table, Disclaimers",
https://www.wellsfargo.com/biz/online-banking/bill-pay/enroll/,/biz/online-banking/bill-pay/enroll/,T8b Biz Sub-page,Default,Biz,Biz,EN,Yes,Phase 1,6,Gate 3 (Bulk Import),"Import, Style, Validate","Hero, Cards, product-comparison, Table, Disclaimers",
https://www.wellsfargo.com/biz/online-banking/deposit-details/,/biz/online-banking/deposit-details/,T8b Biz Sub-page,Default,Biz,Biz,EN,Yes,Phase 1,6,Gate 3 (Bulk Import),"Import, Style, Validate","Hero, Cards, product-comparison, Table, Disclaimers",
https://www.wellsfargo.com/biz/online-banking/direct-pay/,/biz/online-banking/direct-pay/,T8b Biz Sub-page,Default,Biz,Biz,EN,Yes,Phase 1,6,Gate 3 (Bulk Import),"Import, Style, Validate","Hero, Cards, product-comparison, Table, Disclaimers",
https://www.wellsfargo.com/biz/online-banking/direct-pay/agreement/,/biz/online-banking/direct-pay/agreement/,T8b Biz Sub-page,Default,Biz,Biz,EN,Yes,Phase 1,6,Gate 3 (Bulk Import),"Import, Style, Validate","Hero, Cards, product-comparison, Table, Disclaimers",
https://www.wellsfargo.com/biz/online-banking/international/,/biz/online-banking/international/,T8b Biz Sub-page,Default,Biz,Biz,EN,Yes,Phase 1,6,Gate 3 (Bulk Import),"Import, Style, Validate","Hero, Cards, product-comparison, Table, Disclaimers",
https://www.wellsfargo.com/biz/online-banking/international/payments/,/biz/online-banking/international/payments/,T8b Biz Sub-page,Default,Biz,Biz,EN,Yes,Phase 1,6,Gate 3 (Bulk Import),"Import, Style, Validate","Hero, Cards, product-comparison, Table, Disclaimers",
https://www.wellsfargo.com/biz/online-banking/manage-accounts/,/biz/online-banking/manage-accounts/,T8b Biz Sub-page,Default,Biz,Biz,EN,Yes,Phase 1,6,Gate 3 (Bulk Import),"Import, Style, Validate","Hero, Cards, product-comparison, Table, Disclaimers",
https://www.wellsfargo.com/biz/online-banking/payments-comparison/,/biz/online-banking/payments-comparison/,T8b Biz Sub-page,Default,Biz,Biz,EN,Yes,Phase 1,6,Gate 3 (Bulk Import),"Import, Style, Validate","Hero, Cards, product-comparison, Table, Disclaimers",
https://www.wellsfargo.com/biz/online-banking/securid/,/biz/online-banking/securid/,T8b Biz Sub-page,Default,Biz,Biz,EN,Yes,Phase 1,6,Gate 3 (Bulk Import),"Import, Style, Validate","Hero, Cards, product-comparison, Table, Disclaimers",
https://www.wellsfargo.com/biz/online-banking/software/,/biz/online-banking/software/,T8b Biz Sub-page,Default,Biz,Biz,EN,Yes,Phase 1,6,Gate 3 (Bulk Import),"Import, Style, Validate","Hero, Cards, product-comparison, Table, Disclaimers",
https://www.wellsfargo.com/biz/online-banking/software/quickbooks/,/biz/online-banking/software/quickbooks/,T8b Biz Sub-page,Default,Biz,Biz,EN,Yes,Phase 1,6,Gate 3 (Bulk Import),"Import, Style, Validate","Hero, Cards, product-comparison, Table, Disclaimers",
https://www.wellsfargo.com/biz/online-banking/software/quickbooks/webconnect/,/biz/online-banking/software/quickbooks/webconnect/,T8b Biz Sub-page,Default,Biz,Biz,EN,Yes,Phase 1,6,Gate 3 (Bulk Import),"Import, Style, Validate","Hero, Cards, product-comparison, Table, Disclaimers",
https://www.wellsfargo.com/biz/online-banking/software/quicken/,/biz/online-banking/software/quicken/,T8b Biz Sub-page,Default,Biz,Biz,EN,Yes,Phase 1,6,Gate 3 (Bulk Import),"Import, Style, Validate","Hero, Cards, product-comparison, Table, Disclaimers",
https://www.wellsfargo.com/biz/online-banking/software/xero/,/biz/online-banking/software/xero/,T8b Biz Sub-page,Default,Biz,Biz,EN,Yes,Phase 1,6,Gate 3 (Bulk Import),"Import, Style, Validate","Hero, Cards, product-comparison, Table, Disclaimers",
https://www.wellsfargo.com/biz/online-banking/spending-report/,/biz/online-banking/spending-report/,T8b Biz Sub-page,Default,Biz,Biz,EN,Yes,Phase 1,6,Gate 3 (Bulk Import),"Import, Style, Validate","Hero, Cards, product-comparison, Table, Disclaimers",
https://www.wellsfargo.com/biz/online-banking/statements/,/biz/online-banking/statements/,T8b Biz Sub-page,Default,Biz,Biz,EN,Yes,Phase 1,6,Gate 3 (Bulk Import),"Import, Style, Validate","Hero, Cards, product-comparison, Table, Disclaimers",
https://www.wellsfargo.com/biz/online-banking/transfer-pay/,/biz/online-banking/transfer-pay/,T8b Biz Sub-page,Default,Biz,Biz,EN,Yes,Phase 1,6,Gate 3 (Bulk Import),"Import, Style, Validate","Hero, Cards, product-comparison, Table, Disclaimers",
https://www.wellsfargo.com/biz/online-banking/transfers/,/biz/online-banking/transfers/,T8b Biz Sub-page,Default,Biz,Biz,EN,Yes,Phase 1,6,Gate 3 (Bulk Import),"Import, Style, Validate","Hero, Cards, product-comparison, Table, Disclaimers",
https://www.wellsfargo.com/biz/online-banking/wires/,/biz/online-banking/wires/,T8b Biz Sub-page,Default,Biz,Biz,EN,Yes,Phase 1,6,Gate 3 (Bulk Import),"Import, Style, Validate","Hero, Cards, product-comparison, Table, Disclaimers",
https://www.wellsfargo.com/biz/online-banking/zelle/,/biz/online-banking/zelle/,T8b Biz Sub-page,Default,Biz,Biz,EN,Yes,Phase 1,6,Gate 3 (Bulk Import),"Import, Style, Validate","Hero, Cards, product-comparison, Table, Disclaimers",
https://www.wellsfargo.com/biz/online-banking/zelle/get-started/,/biz/online-banking/zelle/get-started/,T8b Biz Sub-page,Default,Biz,Biz,EN,Yes,Phase 1,6,Gate 3 (Bulk Import),"Import, Style, Validate","Hero, Cards, product-comparison, Table, Disclaimers",
https://www.wellsfargo.com/biz/paycheck-protection-forgiveness/,/biz/paycheck-protection-forgiveness/,T8b Biz Sub-page,Default,Biz,Biz,EN,Yes,Phase 1,6,Gate 3 (Bulk Import),"Import, Style, Validate","Hero, Cards, product-comparison, Table, Disclaimers",
https://www.wellsfargo.com/biz/payroll/,/biz/payroll/,T8b Biz Sub-page,Default,Biz,Biz,EN,Yes,Phase 1,6,Gate 3 (Bulk Import),"Import, Style, Validate","Hero, Cards, product-comparison, Table, Disclaimers",
https://www.wellsfargo.com/biz/practice-finance-medical-dental-loans/,/biz/practice-finance-medical-dental-loans/,T8b Biz Sub-page,Default,Biz,Biz,EN,Yes,Phase 1,6,Gate 3 (Bulk Import),"Import, Style, Validate","Hero, Cards, product-comparison, Table, Disclaimers",
https://www.wellsfargo.com/biz/practice-finance-medical-dental-loans/contact-form/,/biz/practice-finance-medical-dental-loans/contact-form/,T8b Biz Sub-page,Default,Biz,Biz,EN,Yes,Phase 1,6,Gate 3 (Bulk Import),"Import, Style, Validate","Hero, Cards, product-comparison, Table, Disclaimers",
https://www.wellsfargo.com/biz/required-documents/,/biz/required-documents/,T8b Biz Sub-page,Default,Biz,Biz,EN,Yes,Phase 1,6,Gate 3 (Bulk Import),"Import, Style, Validate","Hero, Cards, product-comparison, Table, Disclaimers",
https://www.wellsfargo.com/biz/retirement/,/biz/retirement/,T8b Biz Sub-page,Default,Biz,Biz,EN,Yes,Phase 1,6,Gate 2 (Validation Batch),"Import, Style, Validate","Hero, Cards, product-comparison, Table, Disclaimers",
https://www.wellsfargo.com/biz/retirement/401k-plan/,/biz/retirement/401k-plan/,T8b Biz Sub-page,Default,Biz,Biz,EN,Yes,Phase 1,6,Gate 3 (Bulk Import),"Import, Style, Validate","Hero, Cards, product-comparison, Table, Disclaimers",
https://www.wellsfargo.com/biz/retirement/compare-plans/,/biz/retirement/compare-plans/,T8b Biz Sub-page,Default,Biz,Biz,EN,Yes,Phase 1,6,Gate 3 (Bulk Import),"Import, Style, Validate","Hero, Cards, product-comparison, Table, Disclaimers",
https://www.wellsfargo.com/biz/retirement/individual-401k/,/biz/retirement/individual-401k/,T8b Biz Sub-page,Default,Biz,Biz,EN,Yes,Phase 1,6,Gate 3 (Bulk Import),"Import, Style, Validate","Hero, Cards, product-comparison, Table, Disclaimers",
https://www.wellsfargo.com/biz/retirement/profit-sharing-plans/,/biz/retirement/profit-sharing-plans/,T8b Biz Sub-page,Default,Biz,Biz,EN,Yes,Phase 1,6,Gate 3 (Bulk Import),"Import, Style, Validate","Hero, Cards, product-comparison, Table, Disclaimers",
https://www.wellsfargo.com/biz/retirement/sep-ira/,/biz/retirement/sep-ira/,T8b Biz Sub-page,Default,Biz,Biz,EN,Yes,Phase 1,6,Gate 3 (Bulk Import),"Import, Style, Validate","Hero, Cards, product-comparison, Table, Disclaimers",
https://www.wellsfargo.com/biz/retirement/simple-ira/,/biz/retirement/simple-ira/,T8b Biz Sub-page,Default,Biz,Biz,EN,Yes,Phase 1,6,Gate 3 (Bulk Import),"Import, Style, Validate","Hero, Cards, product-comparison, Table, Disclaimers",
https://www.wellsfargo.com/biz/savings/,/biz/savings/,T8b Biz Sub-page,Default,Biz,Biz,EN,Yes,Phase 1,6,Gate 2 (Validation Batch),"Import, Style, Validate","Hero, Cards, product-comparison, Table, Disclaimers",
https://www.wellsfargo.com/biz/savings/comparison-chart/,/biz/savings/comparison-chart/,T8b Biz Sub-page,Default,Biz,Biz,EN,Yes,Phase 1,6,Gate 3 (Bulk Import),"Import, Style, Validate","Hero, Cards, product-comparison, Table, Disclaimers",
https://www.wellsfargo.com/biz/savings/market-rate/,/biz/savings/market-rate/,T8b Biz Sub-page,Default,Biz,Biz,EN,Yes,Phase 1,6,Gate 3 (Bulk Import),"Import, Style, Validate","Hero, Cards, product-comparison, Table, Disclaimers",
https://www.wellsfargo.com/biz/savings/platinum/,/biz/savings/platinum/,T8b Biz Sub-page,Default,Biz,Biz,EN,Yes,Phase 1,6,Gate 3 (Bulk Import),"Import, Style, Validate","Hero, Cards, product-comparison, Table, Disclaimers",
https://www.wellsfargo.com/biz/savings/rates/,/biz/savings/rates/,T8b Biz Sub-page,Default,Biz,Biz,EN,Yes,Phase 1,6,Gate 3 (Bulk Import),"Import, Style, Validate","Hero, Cards, product-comparison, Table, Disclaimers",
https://www.wellsfargo.com/biz/savings/time-account/,/biz/savings/time-account/,T8b Biz Sub-page,Default,Biz,Biz,EN,Yes,Phase 1,6,Gate 3 (Bulk Import),"Import, Style, Validate","Hero, Cards, product-comparison, Table, Disclaimers",
https://www.wellsfargo.com/biz/sba/,/biz/sba/,T8b Biz Sub-page,Default,Biz,Biz,EN,Yes,Phase 1,6,Gate 3 (Bulk Import),"Import, Style, Validate","Hero, Cards, product-comparison, Table, Disclaimers",
https://www.wellsfargo.com/biz/signify-rewards/,/biz/signify-rewards/,T8b Biz Sub-page,Default,Biz,Biz,EN,Yes,Phase 1,6,Gate 3 (Bulk Import),"Import, Style, Validate","Hero, Cards, product-comparison, Table, Disclaimers",
https://www.wellsfargo.com/biz/switch/,/biz/switch/,T8b Biz Sub-page,Default,Biz,Biz,EN,Yes,Phase 1,6,Gate 3 (Bulk Import),"Import, Style, Validate","Hero, Cards, product-comparison, Table, Disclaimers",
https://www.wellsfargo.com/biz/verification-deposit/,/biz/verification-deposit/,T8b Biz Sub-page,Default,Biz,Biz,EN,Yes,Phase 1,6,Gate 3 (Bulk Import),"Import, Style, Validate","Hero, Cards, product-comparison, Table, Disclaimers",
https://www.wellsfargo.com/biz/verification-deposit/assistance-agencies/,/biz/verification-deposit/assistance-agencies/,T8b Biz Sub-page,Default,Biz,Biz,EN,Yes,Phase 1,6,Gate 3 (Bulk Import),"Import, Style, Validate","Hero, Cards, product-comparison, Table, Disclaimers",
https://www.wellsfargo.com/biz/verification-deposit/commercial-credit/,/biz/verification-deposit/commercial-credit/,T8b Biz Sub-page,Default,Biz,Biz,EN,Yes,Phase 1,6,Gate 3 (Bulk Import),"Import, Style, Validate","Hero, Cards, product-comparison, Table, Disclaimers",
https://www.wellsfargo.com/biz/verification-deposit/housing/,/biz/verification-deposit/housing/,T8b Biz Sub-page,Default,Biz,Biz,EN,Yes,Phase 1,6,Gate 3 (Bulk Import),"Import, Style, Validate","Hero, Cards, product-comparison, Table, Disclaimers",
https://www.wellsfargo.com/biz/verification-deposit/mortgage/,/biz/verification-deposit/mortgage/,T8b Biz Sub-page,Default,Biz,Biz,EN,Yes,Phase 1,6,Gate 3 (Bulk Import),"Import, Style, Validate","Hero, Cards, product-comparison, Table, Disclaimers",
https://www.wellsfargo.com/biz/verification-deposit/quality-control/,/biz/verification-deposit/quality-control/,T8b Biz Sub-page,Default,Biz,Biz,EN,Yes,Phase 1,6,Gate 3 (Bulk Import),"Import, Style, Validate","Hero, Cards, product-comparison, Table, Disclaimers",
https://www.wellsfargo.com/biz/verification-deposit/shaded-balances/,/biz/verification-deposit/shaded-balances/,T8b Biz Sub-page,Default,Biz,Biz,EN,Yes,Phase 1,6,Gate 3 (Bulk Import),"Import, Style, Validate","Hero, Cards, product-comparison, Table, Disclaimers",
https://www.wellsfargo.com/checking/,/checking/,T2 L1 Product Landing,Default,Default,Default,EN,Yes,Phase 1,2,Gate 1 (Representative),"Import, Style, Validate","Hero, Tabs, product-comparison, Accordion, help-cta, Disclaimers",
https://www.wellsfargo.com/checking/clear-access-banking/,/checking/clear-access-banking/,T3 Product Detail,Default,Default,Default,EN,Yes,Phase 1,3,Gate 2 (Validation Batch),"Import, Style, Validate","Hero, Cards, Table, Accordion, help-cta, Disclaimers",
https://www.wellsfargo.com/checking/clear-access-banking/account-fees-summary/,/checking/clear-access-banking/account-fees-summary/,T3 Product Detail,Default,Default,Default,EN,Yes,Phase 1,3,Gate 3 (Bulk Import),"Import, Style, Validate","Hero, Cards, Table, Accordion, help-cta, Disclaimers",
https://www.wellsfargo.com/checking/clear-access-banking/identification-required-to-open/,/checking/clear-access-banking/identification-required-to-open/,T3 Product Detail,Default,Default,Default,EN,Yes,Phase 1,3,Gate 3 (Bulk Import),"Import, Style, Validate","Hero, Cards, Table, Accordion, help-cta, Disclaimers",
https://www.wellsfargo.com/checking/compare-checking-accounts/,/checking/compare-checking-accounts/,T3 Product Detail,Default,Default,Default,EN,Yes,Phase 1,3,Gate 3 (Bulk Import),"Import, Style, Validate","Hero, Cards, Table, Accordion, help-cta, Disclaimers",
https://www.wellsfargo.com/checking/early-pay-day/,/checking/early-pay-day/,T3 Product Detail,Default,Default,Default,EN,Yes,Phase 1,3,Gate 3 (Bulk Import),"Import, Style, Validate","Hero, Cards, Table, Accordion, help-cta, Disclaimers",
https://www.wellsfargo.com/checking/everyday/,/checking/everyday/,T3 Product Detail,Default,Default,Default,EN,Yes,Phase 1,3,Gate 1 (Representative),"Import, Style, Validate","Hero, Cards, Table, Accordion, help-cta, Disclaimers",
https://www.wellsfargo.com/checking/everyday/account-fees-summary/,/checking/everyday/account-fees-summary/,T3 Product Detail,Default,Default,Default,EN,Yes,Phase 1,3,Gate 3 (Bulk Import),"Import, Style, Validate","Hero, Cards, Table, Accordion, help-cta, Disclaimers",
https://www.wellsfargo.com/checking/everyday/identification-required-to-open/,/checking/everyday/identification-required-to-open/,T3 Product Detail,Default,Default,Default,EN,Yes,Phase 1,3,Gate 3 (Bulk Import),"Import, Style, Validate","Hero, Cards, Table, Accordion, help-cta, Disclaimers",
https://www.wellsfargo.com/checking/extra-day-grace-period/,/checking/extra-day-grace-period/,T3 Product Detail,Default,Default,Default,EN,Yes,Phase 1,3,Gate 3 (Bulk Import),"Import, Style, Validate","Hero, Cards, Table, Accordion, help-cta, Disclaimers",
https://www.wellsfargo.com/checking/overdraft-services/,/checking/overdraft-services/,T3 Product Detail,Default,Default,Default,EN,Yes,Phase 1,3,Gate 3 (Bulk Import),"Import, Style, Validate","Hero, Cards, Table, Accordion, help-cta, Disclaimers",
https://www.wellsfargo.com/checking/premier/,/checking/premier/,T3 Product Detail,Default,Default,Default,EN,Yes,Phase 1,3,Gate 2 (Validation Batch),"Import, Style, Validate","Hero, Cards, Table, Accordion, help-cta, Disclaimers",
https://www.wellsfargo.com/checking/premier/account-benefits/,/checking/premier/account-benefits/,T3 Product Detail,Default,Default,Default,EN,Yes,Phase 1,3,Gate 3 (Bulk Import),"Import, Style, Validate","Hero, Cards, Table, Accordion, help-cta, Disclaimers",
https://www.wellsfargo.com/checking/premier/account-fees-summary/,/checking/premier/account-fees-summary/,T3 Product Detail,Default,Default,Default,EN,Yes,Phase 1,3,Gate 3 (Bulk Import),"Import, Style, Validate","Hero, Cards, Table, Accordion, help-cta, Disclaimers",
https://www.wellsfargo.com/checking/premier/identification-required-to-open/,/checking/premier/identification-required-to-open/,T3 Product Detail,Default,Default,Default,EN,Yes,Phase 1,3,Gate 3 (Bulk Import),"Import, Style, Validate","Hero, Cards, Table, Accordion, help-cta, Disclaimers",
https://www.wellsfargo.com/checking/prime/,/checking/prime/,T3 Product Detail,Default,Default,Default,EN,Yes,Phase 1,3,Gate 2 (Validation Batch),"Import, Style, Validate","Hero, Cards, Table, Accordion, help-cta, Disclaimers",
https://www.wellsfargo.com/checking/prime/account-benefits/,/checking/prime/account-benefits/,T3 Product Detail,Default,Default,Default,EN,Yes,Phase 1,3,Gate 3 (Bulk Import),"Import, Style, Validate","Hero, Cards, Table, Accordion, help-cta, Disclaimers",
https://www.wellsfargo.com/checking/prime/account-fees-summary/,/checking/prime/account-fees-summary/,T3 Product Detail,Default,Default,Default,EN,Yes,Phase 1,3,Gate 3 (Bulk Import),"Import, Style, Validate","Hero, Cards, Table, Accordion, help-cta, Disclaimers",
https://www.wellsfargo.com/checking/prime/identification-required-to-open/,/checking/prime/identification-required-to-open/,T3 Product Detail,Default,Default,Default,EN,Yes,Phase 1,3,Gate 3 (Bulk Import),"Import, Style, Validate","Hero, Cards, Table, Accordion, help-cta, Disclaimers",
https://www.wellsfargo.com/checking/product-selector/,/checking/product-selector/,T3 Product Detail,Default,Default,Default,EN,Yes,Phase 1,3,Gate 3 (Bulk Import),"Import, Style, Validate","Hero, Cards, Table, Accordion, help-cta, Disclaimers",
https://www.wellsfargo.com/checking/student/,/checking/student/,T3 Product Detail,Default,Default,Default,EN,Yes,Phase 1,3,Gate 3 (Bulk Import),"Import, Style, Validate","Hero, Cards, Table, Accordion, help-cta, Disclaimers",
https://www.wellsfargo.com/checking/switch/,/checking/switch/,T3 Product Detail,Default,Default,Default,EN,Yes,Phase 1,3,Gate 3 (Bulk Import),"Import, Style, Validate","Hero, Cards, Table, Accordion, help-cta, Disclaimers",
https://www.wellsfargo.com/cib/,/cib/,T9 CIB/Commercial Landing,Default,CIB,CIB,EN,Yes,Phase 1,7,Gate 1 (Representative),"Import, Style, Validate","Hero, Carousel, Deal Card, Cards, Disclaimers",
https://www.wellsfargo.com/cib/careers/,/cib/careers/,T10 CIB/Commercial Sub-page,Default,CIB,CIB,EN,Yes,Phase 1,7,Gate 3 (Bulk Import),"Import, Style, Validate","Default content, Cards, Quote, Embed, Disclaimers",
https://www.wellsfargo.com/cib/commercial-real-estate/,/cib/commercial-real-estate/,T10 CIB/Commercial Sub-page,Default,CIB,CIB,EN,Yes,Phase 1,7,Gate 2 (Validation Batch),"Import, Style, Validate","Default content, Cards, Quote, Embed, Disclaimers",
https://www.wellsfargo.com/cib/commercial-real-estate/agency-fha/,/cib/commercial-real-estate/agency-fha/,T10 CIB/Commercial Sub-page,Default,CIB,CIB,EN,Yes,Phase 1,7,Gate 3 (Bulk Import),"Import, Style, Validate","Default content, Cards, Quote, Embed, Disclaimers",
https://www.wellsfargo.com/cib/commercial-real-estate/expertise/,/cib/commercial-real-estate/expertise/,T10 CIB/Commercial Sub-page,Default,CIB,CIB,EN,Yes,Phase 1,7,Gate 3 (Bulk Import),"Import, Style, Validate","Default content, Cards, Quote, Embed, Disclaimers",
https://www.wellsfargo.com/cib/commercial-real-estate/leadership/,/cib/commercial-real-estate/leadership/,T10 CIB/Commercial Sub-page,Default,CIB,CIB,EN,Yes,Phase 1,7,Gate 3 (Bulk Import),"Import, Style, Validate","Default content, Cards, Quote, Embed, Disclaimers",
https://www.wellsfargo.com/cib/commercial-real-estate/multifamily-capital/sales-team/,/cib/commercial-real-estate/multifamily-capital/sales-team/,T10 CIB/Commercial Sub-page,Default,CIB,CIB,EN,Yes,Phase 1,7,Gate 3 (Bulk Import),"Import, Style, Validate","Default content, Cards, Quote, Embed, Disclaimers",
https://www.wellsfargo.com/cib/commercial-real-estate/specialization/,/cib/commercial-real-estate/specialization/,T10 CIB/Commercial Sub-page,Default,CIB,CIB,EN,Yes,Phase 1,7,Gate 3 (Bulk Import),"Import, Style, Validate","Default content, Cards, Quote, Embed, Disclaimers",
https://www.wellsfargo.com/cib/commercial-special-measures/,/cib/commercial-special-measures/,T10 CIB/Commercial Sub-page,Default,CIB,CIB,EN,Yes,Phase 1,7,Gate 3 (Bulk Import),"Import, Style, Validate","Default content, Cards, Quote, Embed, Disclaimers",
https://www.wellsfargo.com/cib/deals/,/cib/deals/,T10 CIB/Commercial Sub-page,Default,CIB,CIB,EN,Yes,Phase 1,7,Gate 3 (Bulk Import),"Import, Style, Validate","Default content, Cards, Quote, Embed, Disclaimers",
https://www.wellsfargo.com/cib/focus/technology-banking-leadership/,/cib/focus/technology-banking-leadership/,T10 CIB/Commercial Sub-page,Default,CIB,CIB,EN,Yes,Phase 1,7,Gate 3 (Bulk Import),"Import, Style, Validate","Default content, Cards, Quote, Embed, Disclaimers",
https://www.wellsfargo.com/cib/global-markets/,/cib/global-markets/,T10 CIB/Commercial Sub-page,Default,CIB,CIB,EN,Yes,Phase 1,7,Gate 2 (Validation Batch),"Import, Style, Validate","Default content, Cards, Quote, Embed, Disclaimers",
https://www.wellsfargo.com/cib/global-markets/equities/,/cib/global-markets/equities/,T10 CIB/Commercial Sub-page,Default,CIB,CIB,EN,Yes,Phase 1,7,Gate 3 (Bulk Import),"Import, Style, Validate","Default content, Cards, Quote, Embed, Disclaimers",
https://www.wellsfargo.com/cib/global-markets/equities/equity-research/,/cib/global-markets/equities/equity-research/,T10 CIB/Commercial Sub-page,Default,CIB,CIB,EN,Yes,Phase 1,7,Gate 3 (Bulk Import),"Import, Style, Validate","Default content, Cards, Quote, Embed, Disclaimers",
https://www.wellsfargo.com/cib/global-markets/extelallamerica/,/cib/global-markets/extelallamerica/,T10 CIB/Commercial Sub-page,Default,CIB,CIB,EN,Yes,Phase 1,7,Gate 3 (Bulk Import),"Import, Style, Validate","Default content, Cards, Quote, Embed, Disclaimers",
https://www.wellsfargo.com/cib/global-markets/fixed-income/,/cib/global-markets/fixed-income/,T10 CIB/Commercial Sub-page,Default,CIB,CIB,EN,Yes,Phase 1,7,Gate 3 (Bulk Import),"Import, Style, Validate","Default content, Cards, Quote, Embed, Disclaimers",
https://www.wellsfargo.com/cib/global-markets/leadership/,/cib/global-markets/leadership/,T10 CIB/Commercial Sub-page,Default,CIB,CIB,EN,Yes,Phase 1,7,Gate 3 (Bulk Import),"Import, Style, Validate","Default content, Cards, Quote, Embed, Disclaimers",
https://www.wellsfargo.com/cib/global-markets/municipal-finance/,/cib/global-markets/municipal-finance/,T10 CIB/Commercial Sub-page,Default,CIB,CIB,EN,Yes,Phase 1,7,Gate 3 (Bulk Import),"Import, Style, Validate","Default content, Cards, Quote, Embed, Disclaimers",
https://www.wellsfargo.com/cib/global-markets/municipal-finance/california-municipal-bonds/,/cib/global-markets/municipal-finance/california-municipal-bonds/,T10 CIB/Commercial Sub-page,Default,CIB,CIB,EN,Yes,Phase 1,7,Gate 3 (Bulk Import),"Import, Style, Validate","Default content, Cards, Quote, Embed, Disclaimers",
https://www.wellsfargo.com/cib/global-markets/municipal-finance/case-studies/,/cib/global-markets/municipal-finance/case-studies/,T10 CIB/Commercial Sub-page,Default,CIB,CIB,EN,Yes,Phase 1,7,Gate 3 (Bulk Import),"Import, Style, Validate","Default content, Cards, Quote, Embed, Disclaimers",
https://www.wellsfargo.com/cib/global-markets/structured-products/,/cib/global-markets/structured-products/,T10 CIB/Commercial Sub-page,Default,CIB,CIB,EN,Yes,Phase 1,7,Gate 3 (Bulk Import),"Import, Style, Validate","Default content, Cards, Quote, Embed, Disclaimers",
https://www.wellsfargo.com/cib/global-services/asia-pacific/hong-kong/,/cib/global-services/asia-pacific/hong-kong/,T10 CIB/Commercial Sub-page,Default,CIB,CIB,EN,Yes,Phase 1,7,Gate 3 (Bulk Import),"Import, Style, Validate","Default content, Cards, Quote, Embed, Disclaimers",
https://www.wellsfargo.com/cib/global-services/asia-pacific/japan-disclosure/,/cib/global-services/asia-pacific/japan-disclosure/,T10 CIB/Commercial Sub-page,Default,CIB,CIB,EN,Yes,Phase 1,7,Gate 3 (Bulk Import),"Import, Style, Validate","Default content, Cards, Quote, Embed, Disclaimers",
https://www.wellsfargo.com/cib/global-services/asia-pacific/japan-jpn/,/cib/global-services/asia-pacific/japan-jpn/,T10 CIB/Commercial Sub-page,Default,CIB,CIB,EN,Yes,Phase 1,7,Gate 3 (Bulk Import),"Import, Style, Validate","Default content, Cards, Quote, Embed, Disclaimers",
https://www.wellsfargo.com/cib/global-services/asia-pacific/japan/,/cib/global-services/asia-pacific/japan/,T10 CIB/Commercial Sub-page,Default,CIB,CIB,EN,Yes,Phase 1,7,Gate 3 (Bulk Import),"Import, Style, Validate","Default content, Cards, Quote, Embed, Disclaimers",
https://www.wellsfargo.com/cib/global-services/businesses/bank-international/,/cib/global-services/businesses/bank-international/,T10 CIB/Commercial Sub-page,Default,CIB,CIB,EN,Yes,Phase 1,7,Gate 3 (Bulk Import),"Import, Style, Validate","Default content, Cards, Quote, Embed, Disclaimers",
https://www.wellsfargo.com/cib/global-services/businesses/depositor-information/,/cib/global-services/businesses/depositor-information/,T10 CIB/Commercial Sub-page,Default,CIB,CIB,EN,Yes,Phase 1,7,Gate 3 (Bulk Import),"Import, Style, Validate","Default content, Cards, Quote, Embed, Disclaimers",
https://www.wellsfargo.com/cib/global-services/canada/,/cib/global-services/canada/,T10 CIB/Commercial Sub-page,Default,CIB,CIB,EN,Yes,Phase 1,7,Gate 3 (Bulk Import),"Import, Style, Validate","Default content, Cards, Quote, Embed, Disclaimers",
https://www.wellsfargo.com/cib/global-services/canada/legal/,/cib/global-services/canada/legal/,T10 CIB/Commercial Sub-page,Default,CIB,CIB,EN,Yes,Phase 1,7,Gate 3 (Bulk Import),"Import, Style, Validate","Default content, Cards, Quote, Embed, Disclaimers",
https://www.wellsfargo.com/cib/global-services/emea/disclosures/,/cib/global-services/emea/disclosures/,T10 CIB/Commercial Sub-page,Default,CIB,CIB,EN,Yes,Phase 1,7,Gate 3 (Bulk Import),"Import, Style, Validate","Default content, Cards, Quote, Embed, Disclaimers",
https://www.wellsfargo.com/cib/global-treasury-management/,/cib/global-treasury-management/,T10 CIB/Commercial Sub-page,Default,CIB,CIB,EN,Yes,Phase 1,7,Gate 3 (Bulk Import),"Import, Style, Validate","Default content, Cards, Quote, Embed, Disclaimers",
https://www.wellsfargo.com/cib/insights/,/cib/insights/,T10 CIB/Commercial Sub-page,Default,CIB,CIB,EN,Yes,Phase 1,7,Gate 2 (Validation Batch),"Import, Style, Validate","Default content, Cards, Quote, Embed, Disclaimers",
https://www.wellsfargo.com/cib/insights/economics/,/cib/insights/economics/,T10 CIB/Commercial Sub-page,Default,CIB,CIB,EN,Yes,Phase 1,7,Gate 3 (Bulk Import),"Import, Style, Validate","Default content, Cards, Quote, Embed, Disclaimers",
https://www.wellsfargo.com/cib/insights/economics/ask-our-economists/,/cib/insights/economics/ask-our-economists/,T10 CIB/Commercial Sub-page,Default,CIB,CIB,EN,Yes,Phase 1,7,Gate 3 (Bulk Import),"Import, Style, Validate","Default content, Cards, Quote, Embed, Disclaimers",
https://www.wellsfargo.com/cib/insights/economics/disclaimers/,/cib/insights/economics/disclaimers/,T10 CIB/Commercial Sub-page,Default,CIB,CIB,EN,Yes,Phase 1,7,Gate 3 (Bulk Import),"Import, Style, Validate","Default content, Cards, Quote, Embed, Disclaimers",
https://www.wellsfargo.com/cib/insights/economics/international-outlook/,/cib/insights/economics/international-outlook/,T10 CIB/Commercial Sub-page,Default,CIB,CIB,EN,Yes,Phase 1,7,Gate 3 (Bulk Import),"Import, Style, Validate","Default content, Cards, Quote, Embed, Disclaimers",
https://www.wellsfargo.com/cib/insights/events/associationforfinancialprofessionals/,/cib/insights/events/associationforfinancialprofessionals/,T10 CIB/Commercial Sub-page,Default,CIB,CIB,EN,Yes,Phase 1,7,Gate 3 (Bulk Import),"Import, Style, Validate","Default content, Cards, Quote, Embed, Disclaimers",
https://www.wellsfargo.com/cib/insights/events/cre-industry-conference/,/cib/insights/events/cre-industry-conference/,T10 CIB/Commercial Sub-page,Default,CIB,CIB,EN,Yes,Phase 1,7,Gate 3 (Bulk Import),"Import, Style, Validate","Default content, Cards, Quote, Embed, Disclaimers",
https://www.wellsfargo.com/cib/insights/events/healthcare-conference/,/cib/insights/events/healthcare-conference/,T10 CIB/Commercial Sub-page,Default,CIB,CIB,EN,Yes,Phase 1,7,Gate 3 (Bulk Import),"Import, Style, Validate","Default content, Cards, Quote, Embed, Disclaimers",
https://www.wellsfargo.com/cib/insights/events/industrials-conference/,/cib/insights/events/industrials-conference/,T10 CIB/Commercial Sub-page,Default,CIB,CIB,EN,Yes,Phase 1,7,Gate 3 (Bulk Import),"Import, Style, Validate","Default content, Cards, Quote, Embed, Disclaimers",
https://www.wellsfargo.com/cib/insights/events/military-appreciation-celebration/,/cib/insights/events/military-appreciation-celebration/,T10 CIB/Commercial Sub-page,Default,CIB,CIB,EN,Yes,Phase 1,7,Gate 3 (Bulk Import),"Import, Style, Validate","Default content, Cards, Quote, Embed, Disclaimers",
https://www.wellsfargo.com/cib/insights/events/sibos/,/cib/insights/events/sibos/,T10 CIB/Commercial Sub-page,Default,CIB,CIB,EN,Yes,Phase 1,7,Gate 3 (Bulk Import),"Import, Style, Validate","Default content, Cards, Quote, Embed, Disclaimers",
https://www.wellsfargo.com/cib/insights/events/tmt-conference/,/cib/insights/events/tmt-conference/,T10 CIB/Commercial Sub-page,Default,CIB,CIB,EN,Yes,Phase 1,7,Gate 3 (Bulk Import),"Import, Style, Validate","Default content, Cards, Quote, Embed, Disclaimers",
https://www.wellsfargo.com/cib/insights/honoring-our-communities/,/cib/insights/honoring-our-communities/,T10 CIB/Commercial Sub-page,Default,CIB,CIB,EN,Yes,Phase 1,7,Gate 3 (Bulk Import),"Import, Style, Validate","Default content, Cards, Quote, Embed, Disclaimers",
https://www.wellsfargo.com/cib/insights/inspiring-leaders/,/cib/insights/inspiring-leaders/,T10 CIB/Commercial Sub-page,Default,CIB,CIB,EN,Yes,Phase 1,7,Gate 3 (Bulk Import),"Import, Style, Validate","Default content, Cards, Quote, Embed, Disclaimers",
https://www.wellsfargo.com/cib/insights/leading-voices/,/cib/insights/leading-voices/,T10 CIB/Commercial Sub-page,Default,CIB,CIB,EN,Yes,Phase 1,7,Gate 3 (Bulk Import),"Import, Style, Validate","Default content, Cards, Quote, Embed, Disclaimers",
https://www.wellsfargo.com/cib/insights/technology-banking/,/cib/insights/technology-banking/,T10 CIB/Commercial Sub-page,Default,CIB,CIB,EN,Yes,Phase 1,7,Gate 3 (Bulk Import),"Import, Style, Validate","Default content, Cards, Quote, Embed, Disclaimers",
https://www.wellsfargo.com/cib/institutional-investing/fixed-income/safekeeping-services/,/cib/institutional-investing/fixed-income/safekeeping-services/,T10 CIB/Commercial Sub-page,Default,CIB,CIB,EN,Yes,Phase 1,7,Gate 3 (Bulk Import),"Import, Style, Validate","Default content, Cards, Quote, Embed, Disclaimers",
https://www.wellsfargo.com/cib/investment-banking/,/cib/investment-banking/,T10 CIB/Commercial Sub-page,Default,CIB,CIB,EN,Yes,Phase 1,7,Gate 2 (Validation Batch),"Import, Style, Validate","Default content, Cards, Quote, Embed, Disclaimers",
https://www.wellsfargo.com/cib/investment-banking/capital-markets/,/cib/investment-banking/capital-markets/,T10 CIB/Commercial Sub-page,Default,CIB,CIB,EN,Yes,Phase 1,7,Gate 3 (Bulk Import),"Import, Style, Validate","Default content, Cards, Quote, Embed, Disclaimers",
https://www.wellsfargo.com/cib/investment-banking/industry-coverage/,/cib/investment-banking/industry-coverage/,T10 CIB/Commercial Sub-page,Default,CIB,CIB,EN,Yes,Phase 1,7,Gate 3 (Bulk Import),"Import, Style, Validate","Default content, Cards, Quote, Embed, Disclaimers",
https://www.wellsfargo.com/cib/investment-banking/mergers-acquisitions/,/cib/investment-banking/mergers-acquisitions/,T10 CIB/Commercial Sub-page,Default,CIB,CIB,EN,Yes,Phase 1,7,Gate 3 (Bulk Import),"Import, Style, Validate","Default content, Cards, Quote, Embed, Disclaimers",
https://www.wellsfargo.com/cib/lending/,/cib/lending/,T10 CIB/Commercial Sub-page,Default,CIB,CIB,EN,Yes,Phase 1,7,Gate 3 (Bulk Import),"Import, Style, Validate","Default content, Cards, Quote, Embed, Disclaimers",
https://www.wellsfargo.com/cib/our-approach/,/cib/our-approach/,T10 CIB/Commercial Sub-page,Default,CIB,CIB,EN,Yes,Phase 1,7,Gate 3 (Bulk Import),"Import, Style, Validate","Default content, Cards, Quote, Embed, Disclaimers",
https://www.wellsfargo.com/cib/regulatory/promotional-disclosures/,/cib/regulatory/promotional-disclosures/,T10 CIB/Commercial Sub-page,Default,CIB,CIB,EN,Yes,Phase 1,7,Gate 3 (Bulk Import),"Import, Style, Validate","Default content, Cards, Quote, Embed, Disclaimers",
https://www.wellsfargo.com/cib/regulatory/swap-disclosures/,/cib/regulatory/swap-disclosures/,T10 CIB/Commercial Sub-page,Default,CIB,CIB,EN,Yes,Phase 1,7,Gate 3 (Bulk Import),"Import, Style, Validate","Default content, Cards, Quote, Embed, Disclaimers",
https://www.wellsfargo.com/cib/regulatory/terms-conditions/,/cib/regulatory/terms-conditions/,T10 CIB/Commercial Sub-page,Default,CIB,CIB,EN,Yes,Phase 1,7,Gate 3 (Bulk Import),"Import, Style, Validate","Default content, Cards, Quote, Embed, Disclaimers",
https://www.wellsfargo.com/cib/settlement-instructions/,/cib/settlement-instructions/,T10 CIB/Commercial Sub-page,Default,CIB,CIB,EN,Yes,Phase 1,7,Gate 3 (Bulk Import),"Import, Style, Validate","Default content, Cards, Quote, Embed, Disclaimers",
https://www.wellsfargo.com/com/,/com/,T9 CIB/Commercial Landing,Default,CIB,CIB,EN,Yes,Phase 1,7,Gate 1 (Representative),"Import, Style, Validate","Hero, Carousel, Deal Card, Cards, Disclaimers",
https://www.wellsfargo.com/com/careers/,/com/careers/,T10 CIB/Commercial Sub-page,Default,CIB,CIB,EN,Yes,Phase 1,7,Gate 3 (Bulk Import),"Import, Style, Validate","Default content, Cards, Quote, Embed, Disclaimers",
https://www.wellsfargo.com/com/corporate-sponsored-mortgage/,/com/corporate-sponsored-mortgage/,T10 CIB/Commercial Sub-page,Default,CIB,CIB,EN,Yes,Phase 1,7,Gate 3 (Bulk Import),"Import, Style, Validate","Default content, Cards, Quote, Embed, Disclaimers",
https://www.wellsfargo.com/com/disclaimer/,/com/disclaimer/,T10 CIB/Commercial Sub-page,Default,CIB,CIB,EN,Yes,Phase 1,7,Gate 3 (Bulk Import),"Import, Style, Validate","Default content, Cards, Quote, Embed, Disclaimers",
https://www.wellsfargo.com/com/disclaimer/acb/,/com/disclaimer/acb/,T10 CIB/Commercial Sub-page,Default,CIB,CIB,EN,Yes,Phase 1,7,Gate 3 (Bulk Import),"Import, Style, Validate","Default content, Cards, Quote, Embed, Disclaimers",
https://www.wellsfargo.com/com/disclaimer/ged5/,/com/disclaimer/ged5/,T10 CIB/Commercial Sub-page,Default,CIB,CIB,EN,Yes,Phase 1,7,Gate 3 (Bulk Import),"Import, Style, Validate","Default content, Cards, Quote, Embed, Disclaimers",
https://www.wellsfargo.com/com/focus/convenience-stores/,/com/focus/convenience-stores/,T10 CIB/Commercial Sub-page,Default,CIB,CIB,EN,Yes,Phase 1,7,Gate 3 (Bulk Import),"Import, Style, Validate","Default content, Cards, Quote, Embed, Disclaimers",
https://www.wellsfargo.com/com/focus/fdic-pass-through/,/com/focus/fdic-pass-through/,T10 CIB/Commercial Sub-page,Default,CIB,CIB,EN,Yes,Phase 1,7,Gate 3 (Bulk Import),"Import, Style, Validate","Default content, Cards, Quote, Embed, Disclaimers",
https://www.wellsfargo.com/com/focus/iso-20022/,/com/focus/iso-20022/,T10 CIB/Commercial Sub-page,Default,CIB,CIB,EN,Yes,Phase 1,7,Gate 3 (Bulk Import),"Import, Style, Validate","Default content, Cards, Quote, Embed, Disclaimers",
https://www.wellsfargo.com/com/focus/tigercat-finance/,/com/focus/tigercat-finance/,T10 CIB/Commercial Sub-page,Default,CIB,CIB,EN,Yes,Phase 1,7,Gate 3 (Bulk Import),"Import, Style, Validate","Default content, Cards, Quote, Embed, Disclaimers",
https://www.wellsfargo.com/com/fraud/,/com/fraud/,T10 CIB/Commercial Sub-page,Default,CIB,CIB,EN,Yes,Phase 1,7,Gate 3 (Bulk Import),"Import, Style, Validate","Default content, Cards, Quote, Embed, Disclaimers",
https://www.wellsfargo.com/com/fraud/fraud-schemes/,/com/fraud/fraud-schemes/,T10 CIB/Commercial Sub-page,Default,CIB,CIB,EN,Yes,Phase 1,7,Gate 3 (Bulk Import),"Import, Style, Validate","Default content, Cards, Quote, Embed, Disclaimers",
https://www.wellsfargo.com/com/fraud/fraud/,/com/fraud/fraud/,T10 CIB/Commercial Sub-page,Default,CIB,CIB,EN,Yes,Phase 1,7,Gate 3 (Bulk Import),"Import, Style, Validate","Default content, Cards, Quote, Embed, Disclaimers",
https://www.wellsfargo.com/com/fraud/online-mobile-fraud/,/com/fraud/online-mobile-fraud/,T10 CIB/Commercial Sub-page,Default,CIB,CIB,EN,Yes,Phase 1,7,Gate 3 (Bulk Import),"Import, Style, Validate","Default content, Cards, Quote, Embed, Disclaimers",
https://www.wellsfargo.com/com/fraud/payments-fraud/,/com/fraud/payments-fraud/,T10 CIB/Commercial Sub-page,Default,CIB,CIB,EN,Yes,Phase 1,7,Gate 3 (Bulk Import),"Import, Style, Validate","Default content, Cards, Quote, Embed, Disclaimers",
https://www.wellsfargo.com/com/fraud/report-fraud/,/com/fraud/report-fraud/,T10 CIB/Commercial Sub-page,Default,CIB,CIB,EN,Yes,Phase 1,7,Gate 3 (Bulk Import),"Import, Style, Validate","Default content, Cards, Quote, Embed, Disclaimers",
https://www.wellsfargo.com/com/industry/,/com/industry/,T10 CIB/Commercial Sub-page,Default,CIB,CIB,EN,Yes,Phase 1,7,Gate 3 (Bulk Import),"Import, Style, Validate","Default content, Cards, Quote, Embed, Disclaimers",
https://www.wellsfargo.com/com/industry/auto-dealerships/,/com/industry/auto-dealerships/,T10 CIB/Commercial Sub-page,Default,CIB,CIB,EN,Yes,Phase 1,7,Gate 3 (Bulk Import),"Import, Style, Validate","Default content, Cards, Quote, Embed, Disclaimers",
https://www.wellsfargo.com/com/industry/beverage/,/com/industry/beverage/,T10 CIB/Commercial Sub-page,Default,CIB,CIB,EN,Yes,Phase 1,7,Gate 3 (Bulk Import),"Import, Style, Validate","Default content, Cards, Quote, Embed, Disclaimers",
https://www.wellsfargo.com/com/industry/commodity-finance/,/com/industry/commodity-finance/,T10 CIB/Commercial Sub-page,Default,CIB,CIB,EN,Yes,Phase 1,7,Gate 3 (Bulk Import),"Import, Style, Validate","Default content, Cards, Quote, Embed, Disclaimers",
https://www.wellsfargo.com/com/industry/education/,/com/industry/education/,T10 CIB/Commercial Sub-page,Default,CIB,CIB,EN,Yes,Phase 1,7,Gate 3 (Bulk Import),"Import, Style, Validate","Default content, Cards, Quote, Embed, Disclaimers",
https://www.wellsfargo.com/com/industry/food-and-agribusiness/,/com/industry/food-and-agribusiness/,T10 CIB/Commercial Sub-page,Default,CIB,CIB,EN,Yes,Phase 1,7,Gate 3 (Bulk Import),"Import, Style, Validate","Default content, Cards, Quote, Embed, Disclaimers",
https://www.wellsfargo.com/com/industry/government/,/com/industry/government/,T10 CIB/Commercial Sub-page,Default,CIB,CIB,EN,Yes,Phase 1,7,Gate 3 (Bulk Import),"Import, Style, Validate","Default content, Cards, Quote, Embed, Disclaimers",
https://www.wellsfargo.com/com/industry/growth-segments/,/com/industry/growth-segments/,T10 CIB/Commercial Sub-page,Default,CIB,CIB,EN,Yes,Phase 1,7,Gate 3 (Bulk Import),"Import, Style, Validate","Default content, Cards, Quote, Embed, Disclaimers",
https://www.wellsfargo.com/com/industry/healthcare/,/com/industry/healthcare/,T10 CIB/Commercial Sub-page,Default,CIB,CIB,EN,Yes,Phase 1,7,Gate 3 (Bulk Import),"Import, Style, Validate","Default content, Cards, Quote, Embed, Disclaimers",
https://www.wellsfargo.com/com/industry/hospitality/,/com/industry/hospitality/,T10 CIB/Commercial Sub-page,Default,CIB,CIB,EN,Yes,Phase 1,7,Gate 3 (Bulk Import),"Import, Style, Validate","Default content, Cards, Quote, Embed, Disclaimers",
https://www.wellsfargo.com/com/industry/oil-and-gas/,/com/industry/oil-and-gas/,T10 CIB/Commercial Sub-page,Default,CIB,CIB,EN,Yes,Phase 1,7,Gate 3 (Bulk Import),"Import, Style, Validate","Default content, Cards, Quote, Embed, Disclaimers",
https://www.wellsfargo.com/com/industry/sponsor-coverage/,/com/industry/sponsor-coverage/,T10 CIB/Commercial Sub-page,Default,CIB,CIB,EN,Yes,Phase 1,7,Gate 3 (Bulk Import),"Import, Style, Validate","Default content, Cards, Quote, Embed, Disclaimers",
https://www.wellsfargo.com/com/industry/technology-banking/,/com/industry/technology-banking/,T10 CIB/Commercial Sub-page,Default,CIB,CIB,EN,Yes,Phase 1,7,Gate 3 (Bulk Import),"Import, Style, Validate","Default content, Cards, Quote, Embed, Disclaimers",
https://www.wellsfargo.com/com/insights/agri-food-intelligence/,/com/insights/agri-food-intelligence/,T10 CIB/Commercial Sub-page,Default,CIB,CIB,EN,Yes,Phase 1,7,Gate 3 (Bulk Import),"Import, Style, Validate","Default content, Cards, Quote, Embed, Disclaimers",
https://www.wellsfargo.com/com/insights/agri-food-intelligence/GLP1-shifting-patterns/,/com/insights/agri-food-intelligence/GLP1-shifting-patterns/,T10 CIB/Commercial Sub-page,Default,CIB,CIB,EN,Yes,Phase 1,7,Gate 3 (Bulk Import),"Import, Style, Validate","Default content, Cards, Quote, Embed, Disclaimers",
https://www.wellsfargo.com/com/insights/agri-food-intelligence/big-crop-different-dynamic/,/com/insights/agri-food-intelligence/big-crop-different-dynamic/,T10 CIB/Commercial Sub-page,Default,CIB,CIB,EN,Yes,Phase 1,7,Gate 3 (Bulk Import),"Import, Style, Validate","Default content, Cards, Quote, Embed, Disclaimers",
https://www.wellsfargo.com/com/insights/agri-food-intelligence/fourth-july-food-report/,/com/insights/agri-food-intelligence/fourth-july-food-report/,T10 CIB/Commercial Sub-page,Default,CIB,CIB,EN,Yes,Phase 1,7,Gate 3 (Bulk Import),"Import, Style, Validate","Default content, Cards, Quote, Embed, Disclaimers",
https://www.wellsfargo.com/com/insights/agri-food-intelligence/line-of-scrimmage/,/com/insights/agri-food-intelligence/line-of-scrimmage/,T10 CIB/Commercial Sub-page,Default,CIB,CIB,EN,Yes,Phase 1,7,Gate 3 (Bulk Import),"Import, Style, Validate","Default content, Cards, Quote, Embed, Disclaimers",
https://www.wellsfargo.com/com/insights/agri-food-intelligence/mothers-day/,/com/insights/agri-food-intelligence/mothers-day/,T10 CIB/Commercial Sub-page,Default,CIB,CIB,EN,Yes,Phase 1,7,Gate 3 (Bulk Import),"Import, Style, Validate","Default content, Cards, Quote, Embed, Disclaimers",
https://www.wellsfargo.com/com/insights/agri-food-intelligence/rethinking-nutrition/,/com/insights/agri-food-intelligence/rethinking-nutrition/,T10 CIB/Commercial Sub-page,Default,CIB,CIB,EN,Yes,Phase 1,7,Gate 3 (Bulk Import),"Import, Style, Validate","Default content, Cards, Quote, Embed, Disclaimers",
https://www.wellsfargo.com/com/insights/agri-food-intelligence/ripe-for-change/,/com/insights/agri-food-intelligence/ripe-for-change/,T10 CIB/Commercial Sub-page,Default,CIB,CIB,EN,Yes,Phase 1,7,Gate 3 (Bulk Import),"Import, Style, Validate","Default content, Cards, Quote, Embed, Disclaimers",
https://www.wellsfargo.com/com/insights/agri-food-intelligence/spending-on-food/,/com/insights/agri-food-intelligence/spending-on-food/,T10 CIB/Commercial Sub-page,Default,CIB,CIB,EN,Yes,Phase 1,7,Gate 3 (Bulk Import),"Import, Style, Validate","Default content, Cards, Quote, Embed, Disclaimers",
https://www.wellsfargo.com/com/insights/agri-food-intelligence/superbowl/,/com/insights/agri-food-intelligence/superbowl/,T10 CIB/Commercial Sub-page,Default,CIB,CIB,EN,Yes,Phase 1,7,Gate 3 (Bulk Import),"Import, Style, Validate","Default content, Cards, Quote, Embed, Disclaimers",
https://www.wellsfargo.com/com/insights/agri-food-intelligence/thanksgiving-food-report/,/com/insights/agri-food-intelligence/thanksgiving-food-report/,T10 CIB/Commercial Sub-page,Default,CIB,CIB,EN,Yes,Phase 1,7,Gate 3 (Bulk Import),"Import, Style, Validate","Default content, Cards, Quote, Embed, Disclaimers",
https://www.wellsfargo.com/com/insights/agri-food-intelligence/thermostat-of-investment/,/com/insights/agri-food-intelligence/thermostat-of-investment/,T10 CIB/Commercial Sub-page,Default,CIB,CIB,EN,Yes,Phase 1,7,Gate 3 (Bulk Import),"Import, Style, Validate","Default content, Cards, Quote, Embed, Disclaimers",
https://www.wellsfargo.com/com/insights/bankers-on-a-mission/,/com/insights/bankers-on-a-mission/,T10 CIB/Commercial Sub-page,Default,CIB,CIB,EN,Yes,Phase 1,7,Gate 3 (Bulk Import),"Import, Style, Validate","Default content, Cards, Quote, Embed, Disclaimers",
https://www.wellsfargo.com/com/insights/build-a-strong-management-team/,/com/insights/build-a-strong-management-team/,T10 CIB/Commercial Sub-page,Default,CIB,CIB,EN,Yes,Phase 1,7,Gate 3 (Bulk Import),"Import, Style, Validate","Default content, Cards, Quote, Embed, Disclaimers",
https://www.wellsfargo.com/com/insights/business-viewpoints-podcast/,/com/insights/business-viewpoints-podcast/,T10 CIB/Commercial Sub-page,Default,CIB,CIB,EN,Yes,Phase 1,7,Gate 3 (Bulk Import),"Import, Style, Validate","Default content, Cards, Quote, Embed, Disclaimers",
https://www.wellsfargo.com/com/insights/channel-finance-versus-open-account/,/com/insights/channel-finance-versus-open-account/,T10 CIB/Commercial Sub-page,Default,CIB,CIB,EN,Yes,Phase 1,7,Gate 3 (Bulk Import),"Import, Style, Validate","Default content, Cards, Quote, Embed, Disclaimers",
https://www.wellsfargo.com/com/insights/chicago-market-chomps/,/com/insights/chicago-market-chomps/,T10 CIB/Commercial Sub-page,Default,CIB,CIB,EN,Yes,Phase 1,7,Gate 3 (Bulk Import),"Import, Style, Validate","Default content, Cards, Quote, Embed, Disclaimers",
https://www.wellsfargo.com/com/insights/chicago-market-clients/,/com/insights/chicago-market-clients/,T10 CIB/Commercial Sub-page,Default,CIB,CIB,EN,Yes,Phase 1,7,Gate 3 (Bulk Import),"Import, Style, Validate","Default content, Cards, Quote, Embed, Disclaimers",
https://www.wellsfargo.com/com/insights/chicago-qa-biodrowski/,/com/insights/chicago-qa-biodrowski/,T10 CIB/Commercial Sub-page,Default,CIB,CIB,EN,Yes,Phase 1,7,Gate 3 (Bulk Import),"Import, Style, Validate","Default content, Cards, Quote, Embed, Disclaimers",
https://www.wellsfargo.com/com/insights/despite-uncertainty-sustainable-energy-tech-poised-for-growth/,/com/insights/despite-uncertainty-sustainable-energy-tech-poised-for-growth/,T10 CIB/Commercial Sub-page,Default,CIB,CIB,EN,Yes,Phase 1,7,Gate 3 (Bulk Import),"Import, Style, Validate","Default content, Cards, Quote, Embed, Disclaimers",
https://www.wellsfargo.com/com/insights/don-mooney-they-believed-in-me/,/com/insights/don-mooney-they-believed-in-me/,T10 CIB/Commercial Sub-page,Default,CIB,CIB,EN,Yes,Phase 1,7,Gate 3 (Bulk Import),"Import, Style, Validate","Default content, Cards, Quote, Embed, Disclaimers",
https://www.wellsfargo.com/com/insights/drive-company-value/,/com/insights/drive-company-value/,T10 CIB/Commercial Sub-page,Default,CIB,CIB,EN,Yes,Phase 1,7,Gate 3 (Bulk Import),"Import, Style, Validate","Default content, Cards, Quote, Embed, Disclaimers",
https://www.wellsfargo.com/com/insights/end-of-edi-api-propel-dealer-manufacturer/,/com/insights/end-of-edi-api-propel-dealer-manufacturer/,T10 CIB/Commercial Sub-page,Default,CIB,CIB,EN,Yes,Phase 1,7,Gate 3 (Bulk Import),"Import, Style, Validate","Default content, Cards, Quote, Embed, Disclaimers",
https://www.wellsfargo.com/com/insights/equipment-finance/,/com/insights/equipment-finance/,T10 CIB/Commercial Sub-page,Default,CIB,CIB,EN,Yes,Phase 1,7,Gate 3 (Bulk Import),"Import, Style, Validate","Default content, Cards, Quote, Embed, Disclaimers",
https://www.wellsfargo.com/com/insights/every-business-owner-needs-contingency-plan/,/com/insights/every-business-owner-needs-contingency-plan/,T10 CIB/Commercial Sub-page,Default,CIB,CIB,EN,Yes,Phase 1,7,Gate 3 (Bulk Import),"Import, Style, Validate","Default content, Cards, Quote, Embed, Disclaimers",
https://www.wellsfargo.com/com/insights/fintech-baas-shift-banking-strategies-improve-compliance-scalability/,/com/insights/fintech-baas-shift-banking-strategies-improve-compliance-scalability/,T10 CIB/Commercial Sub-page,Default,CIB,CIB,EN,Yes,Phase 1,7,Gate 3 (Bulk Import),"Import, Style, Validate","Default content, Cards, Quote, Embed, Disclaimers",
https://www.wellsfargo.com/com/insights/franchise-automotive-dealerships/,/com/insights/franchise-automotive-dealerships/,T10 CIB/Commercial Sub-page,Default,CIB,CIB,EN,Yes,Phase 1,7,Gate 3 (Bulk Import),"Import, Style, Validate","Default content, Cards, Quote, Embed, Disclaimers",
https://www.wellsfargo.com/com/insights/future-proof-your-sales-pipeline-with-channel-finance/,/com/insights/future-proof-your-sales-pipeline-with-channel-finance/,T10 CIB/Commercial Sub-page,Default,CIB,CIB,EN,Yes,Phase 1,7,Gate 3 (Bulk Import),"Import, Style, Validate","Default content, Cards, Quote, Embed, Disclaimers",
https://www.wellsfargo.com/com/insights/government-staffing-shortage-affects-everyone/,/com/insights/government-staffing-shortage-affects-everyone/,T10 CIB/Commercial Sub-page,Default,CIB,CIB,EN,Yes,Phase 1,7,Gate 3 (Bulk Import),"Import, Style, Validate","Default content, Cards, Quote, Embed, Disclaimers",
https://www.wellsfargo.com/com/insights/how-hn-group-built-a-global-seafood-business/,/com/insights/how-hn-group-built-a-global-seafood-business/,T10 CIB/Commercial Sub-page,Default,CIB,CIB,EN,Yes,Phase 1,7,Gate 3 (Bulk Import),"Import, Style, Validate","Default content, Cards, Quote, Embed, Disclaimers",
https://www.wellsfargo.com/com/insights/how-proptech-can-solve-three-common/,/com/insights/how-proptech-can-solve-three-common/,T10 CIB/Commercial Sub-page,Default,CIB,CIB,EN,Yes,Phase 1,7,Gate 3 (Bulk Import),"Import, Style, Validate","Default content, Cards, Quote, Embed, Disclaimers",
https://www.wellsfargo.com/com/insights/how-to-rethink-treasury/,/com/insights/how-to-rethink-treasury/,T10 CIB/Commercial Sub-page,Default,CIB,CIB,EN,Yes,Phase 1,7,Gate 3 (Bulk Import),"Import, Style, Validate","Default content, Cards, Quote, Embed, Disclaimers",
https://www.wellsfargo.com/com/insights/making-waves-in-chicagoland/,/com/insights/making-waves-in-chicagoland/,T10 CIB/Commercial Sub-page,Default,CIB,CIB,EN,Yes,Phase 1,7,Gate 3 (Bulk Import),"Import, Style, Validate","Default content, Cards, Quote, Embed, Disclaimers",
https://www.wellsfargo.com/com/insights/manage-government-staffing-shortages-with-automation/,/com/insights/manage-government-staffing-shortages-with-automation/,T10 CIB/Commercial Sub-page,Default,CIB,CIB,EN,Yes,Phase 1,7,Gate 3 (Bulk Import),"Import, Style, Validate","Default content, Cards, Quote, Embed, Disclaimers",
https://www.wellsfargo.com/com/insights/new-banking-relationship-set-up-for-long-term-success/,/com/insights/new-banking-relationship-set-up-for-long-term-success/,T10 CIB/Commercial Sub-page,Default,CIB,CIB,EN,Yes,Phase 1,7,Gate 3 (Bulk Import),"Import, Style, Validate","Default content, Cards, Quote, Embed, Disclaimers",
https://www.wellsfargo.com/com/insights/protect-payments-as-ai-changes-landscape/,/com/insights/protect-payments-as-ai-changes-landscape/,T10 CIB/Commercial Sub-page,Default,CIB,CIB,EN,Yes,Phase 1,7,Gate 3 (Bulk Import),"Import, Style, Validate","Default content, Cards, Quote, Embed, Disclaimers",
https://www.wellsfargo.com/com/insights/renegotiating-terms-consider-supply-chain-finance/,/com/insights/renegotiating-terms-consider-supply-chain-finance/,T10 CIB/Commercial Sub-page,Default,CIB,CIB,EN,Yes,Phase 1,7,Gate 3 (Bulk Import),"Import, Style, Validate","Default content, Cards, Quote, Embed, Disclaimers",
https://www.wellsfargo.com/com/insights/skeptical-about-channel-finance-reasons-to-reconsider/,/com/insights/skeptical-about-channel-finance-reasons-to-reconsider/,T10 CIB/Commercial Sub-page,Default,CIB,CIB,EN,Yes,Phase 1,7,Gate 3 (Bulk Import),"Import, Style, Validate","Default content, Cards, Quote, Embed, Disclaimers",
https://www.wellsfargo.com/com/insights/source-company-first-credit-facility/,/com/insights/source-company-first-credit-facility/,T10 CIB/Commercial Sub-page,Default,CIB,CIB,EN,Yes,Phase 1,7,Gate 3 (Bulk Import),"Import, Style, Validate","Default content, Cards, Quote, Embed, Disclaimers",
https://www.wellsfargo.com/com/insights/three-questions-business-owners-answer/,/com/insights/three-questions-business-owners-answer/,T10 CIB/Commercial Sub-page,Default,CIB,CIB,EN,Yes,Phase 1,7,Gate 3 (Bulk Import),"Import, Style, Validate","Default content, Cards, Quote, Embed, Disclaimers",
https://www.wellsfargo.com/com/insights/treasury-takeaways/,/com/insights/treasury-takeaways/,T10 CIB/Commercial Sub-page,Default,CIB,CIB,EN,Yes,Phase 1,7,Gate 3 (Bulk Import),"Import, Style, Validate","Default content, Cards, Quote, Embed, Disclaimers",
https://www.wellsfargo.com/com/insights/veteran-spotlight-video-series/,/com/insights/veteran-spotlight-video-series/,T10 CIB/Commercial Sub-page,Default,CIB,CIB,EN,Yes,Phase 1,7,Gate 3 (Bulk Import),"Import, Style, Validate","Default content, Cards, Quote, Embed, Disclaimers",
https://www.wellsfargo.com/com/insights/what-to-keep-where-to-store-when-to-shred/,/com/insights/what-to-keep-where-to-store-when-to-shred/,T10 CIB/Commercial Sub-page,Default,CIB,CIB,EN,Yes,Phase 1,7,Gate 3 (Bulk Import),"Import, Style, Validate","Default content, Cards, Quote, Embed, Disclaimers",
https://www.wellsfargo.com/com/insights/working-capital-guarantee-can-unlock-growth-for-exporters/,/com/insights/working-capital-guarantee-can-unlock-growth-for-exporters/,T10 CIB/Commercial Sub-page,Default,CIB,CIB,EN,Yes,Phase 1,7,Gate 3 (Bulk Import),"Import, Style, Validate","Default content, Cards, Quote, Embed, Disclaimers",
https://www.wellsfargo.com/com/leadership/,/com/leadership/,T10 CIB/Commercial Sub-page,Default,CIB,CIB,EN,Yes,Phase 1,7,Gate 3 (Bulk Import),"Import, Style, Validate","Default content, Cards, Quote, Embed, Disclaimers",
https://www.wellsfargo.com/com/solutions/,/com/solutions/,T10 CIB/Commercial Sub-page,Default,CIB,CIB,EN,Yes,Phase 1,7,Gate 3 (Bulk Import),"Import, Style, Validate","Default content, Cards, Quote, Embed, Disclaimers",
https://www.wellsfargo.com/com/solutions/asset-based-lending/,/com/solutions/asset-based-lending/,T10 CIB/Commercial Sub-page,Default,CIB,CIB,EN,Yes,Phase 1,7,Gate 3 (Bulk Import),"Import, Style, Validate","Default content, Cards, Quote, Embed, Disclaimers",
https://www.wellsfargo.com/com/solutions/commercial-lines-and-loans/,/com/solutions/commercial-lines-and-loans/,T10 CIB/Commercial Sub-page,Default,CIB,CIB,EN,Yes,Phase 1,7,Gate 3 (Bulk Import),"Import, Style, Validate","Default content, Cards, Quote, Embed, Disclaimers",
https://www.wellsfargo.com/com/solutions/equipment-financing/,/com/solutions/equipment-financing/,T10 CIB/Commercial Sub-page,Default,CIB,CIB,EN,Yes,Phase 1,7,Gate 3 (Bulk Import),"Import, Style, Validate","Default content, Cards, Quote, Embed, Disclaimers",
https://www.wellsfargo.com/com/solutions/equipment-financing/rail/,/com/solutions/equipment-financing/rail/,T10 CIB/Commercial Sub-page,Default,CIB,CIB,EN,Yes,Phase 1,7,Gate 3 (Bulk Import),"Import, Style, Validate","Default content, Cards, Quote, Embed, Disclaimers",
https://www.wellsfargo.com/com/solutions/global-payments-liquidity/,/com/solutions/global-payments-liquidity/,T10 CIB/Commercial Sub-page,Default,CIB,CIB,EN,Yes,Phase 1,7,Gate 3 (Bulk Import),"Import, Style, Validate","Default content, Cards, Quote, Embed, Disclaimers",
https://www.wellsfargo.com/com/solutions/global-receivables-and-trade/,/com/solutions/global-receivables-and-trade/,T10 CIB/Commercial Sub-page,Default,CIB,CIB,EN,Yes,Phase 1,7,Gate 3 (Bulk Import),"Import, Style, Validate","Default content, Cards, Quote, Embed, Disclaimers",
https://www.wellsfargo.com/com/solutions/global-receivables-and-trade/supplier-finance/,/com/solutions/global-receivables-and-trade/supplier-finance/,T10 CIB/Commercial Sub-page,Default,CIB,CIB,EN,Yes,Phase 1,7,Gate 3 (Bulk Import),"Import, Style, Validate","Default content, Cards, Quote, Embed, Disclaimers",
https://www.wellsfargo.com/com/solutions/inventory-finance/,/com/solutions/inventory-finance/,T10 CIB/Commercial Sub-page,Default,CIB,CIB,EN,Yes,Phase 1,7,Gate 3 (Bulk Import),"Import, Style, Validate","Default content, Cards, Quote, Embed, Disclaimers",
https://www.wellsfargo.com/com/solutions/merchant-services/,/com/solutions/merchant-services/,T10 CIB/Commercial Sub-page,Default,CIB,CIB,EN,Yes,Phase 1,7,Gate 3 (Bulk Import),"Import, Style, Validate","Default content, Cards, Quote, Embed, Disclaimers",
https://www.wellsfargo.com/com/solutions/renewable-energy-and-environmental-finance/,/com/solutions/renewable-energy-and-environmental-finance/,T10 CIB/Commercial Sub-page,Default,CIB,CIB,EN,Yes,Phase 1,7,Gate 3 (Bulk Import),"Import, Style, Validate","Default content, Cards, Quote, Embed, Disclaimers",
https://www.wellsfargo.com/com/solutions/strategic-capital-leadership/,/com/solutions/strategic-capital-leadership/,T10 CIB/Commercial Sub-page,Default,CIB,CIB,EN,Yes,Phase 1,7,Gate 3 (Bulk Import),"Import, Style, Validate","Default content, Cards, Quote, Embed, Disclaimers",
https://www.wellsfargo.com/com/solutions/strategic-capital/,/com/solutions/strategic-capital/,T10 CIB/Commercial Sub-page,Default,CIB,CIB,EN,Yes,Phase 1,7,Gate 3 (Bulk Import),"Import, Style, Validate","Default content, Cards, Quote, Embed, Disclaimers",
https://www.wellsfargo.com/com/vantage/biometric-authentication/,/com/vantage/biometric-authentication/,T10 CIB/Commercial Sub-page,Default,CIB,CIB,EN,Yes,Phase 1,7,Gate 3 (Bulk Import),"Import, Style, Validate","Default content, Cards, Quote, Embed, Disclaimers",
https://www.wellsfargo.com/com/vantage/mobile-deposit-video/,/com/vantage/mobile-deposit-video/,T10 CIB/Commercial Sub-page,Default,CIB,CIB,EN,Yes,Phase 1,7,Gate 3 (Bulk Import),"Import, Style, Validate","Default content, Cards, Quote, Embed, Disclaimers",
https://www.wellsfargo.com/com/vantage/mobile-token/,/com/vantage/mobile-token/,T10 CIB/Commercial Sub-page,Default,CIB,CIB,EN,Yes,Phase 1,7,Gate 3 (Bulk Import),"Import, Style, Validate","Default content, Cards, Quote, Embed, Disclaimers",
https://www.wellsfargo.com/credit-cards/alerts/,/credit-cards/alerts/,T3 Product Detail,Default,Default,Default,EN,Yes,Phase 1,3,Gate 3 (Bulk Import),"Import, Style, Validate","Hero, Cards, Table, Accordion, help-cta, Disclaimers",
https://www.wellsfargo.com/credit-cards/archived-product-benefits/wells-fargo-advisors-premium-rewards-visa-signature/,/credit-cards/archived-product-benefits/wells-fargo-advisors-premium-rewards-visa-signature/,T3 Product Detail,Default,Default,Default,EN,Yes,Phase 1,3,Gate 3 (Bulk Import),"Import, Style, Validate","Hero, Cards, Table, Accordion, help-cta, Disclaimers",
https://www.wellsfargo.com/credit-cards/assist/,/credit-cards/assist/,T3 Product Detail,Default,Default,Default,EN,Yes,Phase 1,3,Gate 3 (Bulk Import),"Import, Style, Validate","Hero, Cards, Table, Accordion, help-cta, Disclaimers",
https://www.wellsfargo.com/credit-cards/autograph-visa/streaming/,/credit-cards/autograph-visa/streaming/,T3 Product Detail,Default,Default,Default,EN,Yes,Phase 1,3,Gate 3 (Bulk Import),"Import, Style, Validate","Hero, Cards, Table, Accordion, help-cta, Disclaimers",
https://www.wellsfargo.com/credit-cards/features/overdraft-protection/,/credit-cards/features/overdraft-protection/,T3 Product Detail,Default,Default,Default,EN,Yes,Phase 1,3,Gate 3 (Bulk Import),"Import, Style, Validate","Hero, Cards, Table, Accordion, help-cta, Disclaimers",
https://www.wellsfargo.com/debit-card/,/debit-card/,T4 L2 Category Hub,Default,Default,Default,EN,Yes,Phase 1,10,Gate 3 (Bulk Import),"Import, Style, Validate","Hero, Cards, Columns, Accordion, App Promo, Disclaimers",
https://www.wellsfargo.com/debit-card/alerts/,/debit-card/alerts/,T4 L2 Category Hub,Default,Default,Default,EN,Yes,Phase 1,10,Gate 3 (Bulk Import),"Import, Style, Validate","Hero, Cards, Columns, Accordion, App Promo, Disclaimers",
https://www.wellsfargo.com/debit-card/claims/,/debit-card/claims/,T4 L2 Category Hub,Default,Default,Default,EN,Yes,Phase 1,10,Gate 3 (Bulk Import),"Import, Style, Validate","Hero, Cards, Columns, Accordion, App Promo, Disclaimers",
https://www.wellsfargo.com/debit-card/design/,/debit-card/design/,T4 L2 Category Hub,Default,Default,Default,EN,Yes,Phase 1,10,Gate 3 (Bulk Import),"Import, Style, Validate","Hero, Cards, Columns, Accordion, App Promo, Disclaimers",
https://www.wellsfargo.com/debit-card/terms-and-conditions/,/debit-card/terms-and-conditions/,T4 L2 Category Hub,Default,Default,Default,EN,Yes,Phase 1,10,Gate 3 (Bulk Import),"Import, Style, Validate","Hero, Cards, Columns, Accordion, App Promo, Disclaimers",
https://www.wellsfargo.com/equity/,/equity/,T4 L2 Category Hub,Default,Default,Default,EN,Yes,Phase 1,10,Gate 3 (Bulk Import),"Import, Style, Validate","Hero, Cards, Columns, Accordion, App Promo, Disclaimers",
https://www.wellsfargo.com/es/,/es/,T12 Privacy/Legal/Utility,Default,Default ES,Default ES,ES,No (Deferred),Future,13,-,Deferred to ES migration phase,"Default content, Table, Columns, Disclaimers",Spanish mirror - deferred to future phase
https://www.wellsfargo.com/es/_navlinks/financial-assistance-nav-links/,/es/_navlinks/financial-assistance-nav-links/,Excluded (CMS Fragment),Default,Default ES,Default ES,ES,No,Excluded,14,-,-,-,Internal CMS fragment - excluded
https://www.wellsfargo.com/es/_reusable/_includes/commercial/commercial_signon_widget/,/es/_reusable/_includes/commercial/commercial_signon_widget/,Excluded (CMS Fragment),Default,Default ES,Default ES,ES,No,Excluded,14,-,-,-,Internal CMS fragment - excluded
https://www.wellsfargo.com/es/_reusable/_includes/personal/nextstepscta/,/es/_reusable/_includes/personal/nextstepscta/,Excluded (CMS Fragment),Default,Default ES,Default ES,ES,No,Excluded,14,-,-,-,Internal CMS fragment - excluded
https://www.wellsfargo.com/es/_reusable/lead_form/merchant/merchant_payroll_leadform_submit_disclosure/,/es/_reusable/lead_form/merchant/merchant_payroll_leadform_submit_disclosure/,Excluded (CMS Fragment),Default,Default ES,Default ES,ES,No,Excluded,14,-,-,-,Internal CMS fragment - excluded
https://www.wellsfargo.com/es/_reusable/tools/pct/NSNHMCP-Message/,/es/_reusable/tools/pct/NSNHMCP-Message/,Excluded (CMS Fragment),Default,Default ES,Default ES,ES,No,Excluded,14,-,-,-,Internal CMS fragment - excluded
https://www.wellsfargo.com/es/about/,/es/about/,T14 About Landing,Default,Default ES,Default ES,ES,No (Deferred),Future,9,-,Deferred to ES migration phase,"Hero, Cards, Fragment, Columns, Disclaimers",Spanish mirror - deferred to future phase
https://www.wellsfargo.com/es/about/corporate/governance/black/,/es/about/corporate/governance/black/,T13 Leadership Bio,Default,Default ES,Default ES,ES,No (Deferred),Future,5,-,Deferred to ES migration phase,"Columns, Cards, Default content, Disclaimers",Spanish mirror - deferred to future phase
https://www.wellsfargo.com/es/about/corporate/governance/chancy/,/es/about/corporate/governance/chancy/,T13 Leadership Bio,Default,Default ES,Default ES,ES,No (Deferred),Future,5,-,Deferred to ES migration phase,"Columns, Cards, Default content, Disclaimers",Spanish mirror - deferred to future phase
https://www.wellsfargo.com/es/about/corporate/governance/craver/,/es/about/corporate/governance/craver/,T13 Leadership Bio,Default,Default ES,Default ES,ES,No (Deferred),Future,5,-,Deferred to ES migration phase,"Columns, Cards, Default content, Disclaimers",Spanish mirror - deferred to future phase
https://www.wellsfargo.com/es/about/corporate/governance/davis/,/es/about/corporate/governance/davis/,T13 Leadership Bio,Default,Default ES,Default ES,ES,No (Deferred),Future,5,-,Deferred to ES migration phase,"Columns, Cards, Default content, Disclaimers",Spanish mirror - deferred to future phase
https://www.wellsfargo.com/es/about/corporate/governance/engle/,/es/about/corporate/governance/engle/,T13 Leadership Bio,Default,Default ES,Default ES,ES,No (Deferred),Future,5,-,Deferred to ES migration phase,"Columns, Cards, Default content, Disclaimers",Spanish mirror - deferred to future phase
https://www.wellsfargo.com/es/about/corporate/governance/fercho/,/es/about/corporate/governance/fercho/,T13 Leadership Bio,Default,Default ES,Default ES,ES,No (Deferred),Future,5,-,Deferred to ES migration phase,"Columns, Cards, Default content, Disclaimers",Spanish mirror - deferred to future phase
https://www.wellsfargo.com/es/about/corporate/governance/flowers/,/es/about/corporate/governance/flowers/,T13 Leadership Bio,Default,Default ES,Default ES,ES,No (Deferred),Future,5,-,Deferred to ES migration phase,"Columns, Cards, Default content, Disclaimers",Spanish mirror - deferred to future phase
https://www.wellsfargo.com/es/about/corporate/governance/garcia/,/es/about/corporate/governance/garcia/,T13 Leadership Bio,Default,Default ES,Default ES,ES,No (Deferred),Future,5,-,Deferred to ES migration phase,"Columns, Cards, Default content, Disclaimers",Spanish mirror - deferred to future phase
https://www.wellsfargo.com/es/about/corporate/governance/hewett/,/es/about/corporate/governance/hewett/,T13 Leadership Bio,Default,Default ES,Default ES,ES,No (Deferred),Future,5,-,Deferred to ES migration phase,"Columns, Cards, Default content, Disclaimers",Spanish mirror - deferred to future phase
https://www.wellsfargo.com/es/about/corporate/governance/hranicky/,/es/about/corporate/governance/hranicky/,T13 Leadership Bio,Default,Default ES,Default ES,ES,No (Deferred),Future,5,-,Deferred to ES migration phase,"Columns, Cards, Default content, Disclaimers",Spanish mirror - deferred to future phase
https://www.wellsfargo.com/es/about/corporate/governance/ling/,/es/about/corporate/governance/ling/,T13 Leadership Bio,Default,Default ES,Default ES,ES,No (Deferred),Future,5,-,Deferred to ES migration phase,"Columns, Cards, Default content, Disclaimers",Spanish mirror - deferred to future phase
https://www.wellsfargo.com/es/about/corporate/governance/morken/,/es/about/corporate/governance/morken/,T13 Leadership Bio,Default,Default ES,Default ES,ES,No (Deferred),Future,5,-,Deferred to ES migration phase,"Columns, Cards, Default content, Disclaimers",Spanish mirror - deferred to future phase
https://www.wellsfargo.com/es/about/corporate/governance/morris/,/es/about/corporate/governance/morris/,T13 Leadership Bio,Default,Default ES,Default ES,ES,No (Deferred),Future,5,-,Deferred to ES migration phase,"Columns, Cards, Default content, Disclaimers",Spanish mirror - deferred to future phase
https://www.wellsfargo.com/es/about/corporate/governance/norwood/,/es/about/corporate/governance/norwood/,T13 Leadership Bio,Default,Default ES,Default ES,ES,No (Deferred),Future,5,-,Deferred to ES migration phase,"Columns, Cards, Default content, Disclaimers",Spanish mirror - deferred to future phase
https://www.wellsfargo.com/es/about/corporate/governance/patterson/,/es/about/corporate/governance/patterson/,T13 Leadership Bio,Default,Default ES,Default ES,ES,No (Deferred),Future,5,-,Deferred to ES migration phase,"Columns, Cards, Default content, Disclaimers",Spanish mirror - deferred to future phase
https://www.wellsfargo.com/es/about/corporate/governance/powell/,/es/about/corporate/governance/powell/,T13 Leadership Bio,Default,Default ES,Default ES,ES,No (Deferred),Future,5,-,Deferred to ES migration phase,"Columns, Cards, Default content, Disclaimers",Spanish mirror - deferred to future phase
https://www.wellsfargo.com/es/about/corporate/governance/ricci/,/es/about/corporate/governance/ricci/,T13 Leadership Bio,Default,Default ES,Default ES,ES,No (Deferred),Future,5,-,Deferred to ES migration phase,"Columns, Cards, Default content, Disclaimers",Spanish mirror - deferred to future phase
https://www.wellsfargo.com/es/about/corporate/governance/rivas/,/es/about/corporate/governance/rivas/,T13 Leadership Bio,Default,Default ES,Default ES,ES,No (Deferred),Future,5,-,Deferred to ES migration phase,"Columns, Cards, Default content, Disclaimers",Spanish mirror - deferred to future phase
https://www.wellsfargo.com/es/about/corporate/governance/rosenberg/,/es/about/corporate/governance/rosenberg/,T13 Leadership Bio,Default,Default ES,Default ES,ES,No (Deferred),Future,5,-,Deferred to ES migration phase,"Columns, Cards, Default content, Disclaimers",Spanish mirror - deferred to future phase
https://www.wellsfargo.com/es/about/corporate/governance/santomassimo/,/es/about/corporate/governance/santomassimo/,T13 Leadership Bio,Default,Default ES,Default ES,ES,No (Deferred),Future,5,-,Deferred to ES migration phase,"Columns, Cards, Default content, Disclaimers",Spanish mirror - deferred to future phase
https://www.wellsfargo.com/es/about/corporate/governance/santos/,/es/about/corporate/governance/santos/,T13 Leadership Bio,Default,Default ES,Default ES,ES,No (Deferred),Future,5,-,Deferred to ES migration phase,"Columns, Cards, Default content, Disclaimers",Spanish mirror - deferred to future phase
https://www.wellsfargo.com/es/about/corporate/governance/sargent/,/es/about/corporate/governance/sargent/,T13 Leadership Bio,Default,Default ES,Default ES,ES,No (Deferred),Future,5,-,Deferred to ES migration phase,"Columns, Cards, Default content, Disclaimers",Spanish mirror - deferred to future phase
https://www.wellsfargo.com/es/about/corporate/governance/scharf/,/es/about/corporate/governance/scharf/,T13 Leadership Bio,Default,Default ES,Default ES,ES,No (Deferred),Future,5,-,Deferred to ES migration phase,"Columns, Cards, Default content, Disclaimers",Spanish mirror - deferred to future phase
https://www.wellsfargo.com/es/about/corporate/governance/sommers/,/es/about/corporate/governance/sommers/,T13 Leadership Bio,Default,Default ES,Default ES,ES,No (Deferred),Future,5,-,Deferred to ES migration phase,"Columns, Cards, Default content, Disclaimers",Spanish mirror - deferred to future phase
https://www.wellsfargo.com/es/about/corporate/governance/vanbeurden/,/es/about/corporate/governance/vanbeurden/,T13 Leadership Bio,Default,Default ES,Default ES,ES,No (Deferred),Future,5,-,Deferred to ES migration phase,"Columns, Cards, Default content, Disclaimers",Spanish mirror - deferred to future phase
"https://www.wellsfargo.com/es/about/corporate/governance/{black,chancy,craver,davis,engle,fercho,flowers,garcia,hewett,hranicky,ling,morken,morris,norwood,patterson,powell,ricci,rivas,rosenberg,santomassimo,santos,sargent,scharf,sommers,vanbeurden}/","/es/about/corporate/governance/{black,chancy,craver,davis,engle,fercho,flowers,garcia,hewett,hranicky,ling,morken,morris,norwood,patterson,powell,ricci,rivas,rosenberg,santomassimo,santos,sargent,scharf,sommers,vanbeurden}/",T13 Leadership Bio,Default,Default ES,Default ES,ES,No (Deferred),Future,5,-,Deferred to ES migration phase,"Columns, Cards, Default content, Disclaimers",Spanish mirror - deferred to future phase
https://www.wellsfargo.com/es/about/corporate/norwest/,/es/about/corporate/norwest/,T5 Education Article,Default,Default ES,Default ES,ES,No (Deferred),Future,11,-,Deferred to ES migration phase,"Default content, Cards, Help Sidebar, Disclaimers",Spanish mirror - deferred to future phase
https://www.wellsfargo.com/es/about/inclusion/,/es/about/inclusion/,T5 Education Article,Default,Default ES,Default ES,ES,No (Deferred),Future,11,-,Deferred to ES migration phase,"Default content, Cards, Help Sidebar, Disclaimers",Spanish mirror - deferred to future phase
https://www.wellsfargo.com/es/about/inclusion/banking-inclusion-initiative/,/es/about/inclusion/banking-inclusion-initiative/,T5 Education Article,Default,Default ES,Default ES,ES,No (Deferred),Future,11,-,Deferred to ES migration phase,"Default content, Cards, Help Sidebar, Disclaimers",Spanish mirror - deferred to future phase
https://www.wellsfargo.com/es/about/investor-relations/,/es/about/investor-relations/,T5 Education Article,Default,Default ES,Default ES,ES,No (Deferred),Future,11,-,Deferred to ES migration phase,"Default content, Cards, Help Sidebar, Disclaimers",Spanish mirror - deferred to future phase
https://www.wellsfargo.com/es/about/investor-relations/annual-reports/,/es/about/investor-relations/annual-reports/,T5 Education Article,Default,Default ES,Default ES,ES,No (Deferred),Future,11,-,Deferred to ES migration phase,"Default content, Cards, Help Sidebar, Disclaimers",Spanish mirror - deferred to future phase
https://www.wellsfargo.com/es/about/investor-relations/disclosures/,/es/about/investor-relations/disclosures/,T5 Education Article,Default,Default ES,Default ES,ES,No (Deferred),Future,11,-,Deferred to ES migration phase,"Default content, Cards, Help Sidebar, Disclaimers",Spanish mirror - deferred to future phase
https://www.wellsfargo.com/es/about/investor-relations/events/,/es/about/investor-relations/events/,T5 Education Article,Default,Default ES,Default ES,ES,No (Deferred),Future,11,-,Deferred to ES migration phase,"Default content, Cards, Help Sidebar, Disclaimers",Spanish mirror - deferred to future phase
https://www.wellsfargo.com/es/about/investor-relations/filings/,/es/about/investor-relations/filings/,T5 Education Article,Default,Default ES,Default ES,ES,No (Deferred),Future,11,-,Deferred to ES migration phase,"Default content, Cards, Help Sidebar, Disclaimers",Spanish mirror - deferred to future phase
https://www.wellsfargo.com/es/about/investor-relations/fixed-income/,/es/about/investor-relations/fixed-income/,T5 Education Article,Default,Default ES,Default ES,ES,No (Deferred),Future,11,-,Deferred to ES migration phase,"Default content, Cards, Help Sidebar, Disclaimers",Spanish mirror - deferred to future phase
https://www.wellsfargo.com/es/about/responsibility-and-impact/community-giving/,/es/about/responsibility-and-impact/community-giving/,T5 Education Article,Default,Default ES,Default ES,ES,No (Deferred),Future,11,-,Deferred to ES migration phase,"Default content, Cards, Help Sidebar, Disclaimers",Spanish mirror - deferred to future phase
https://www.wellsfargo.com/es/about/responsibility-and-impact/community-giving/giving-faqs/,/es/about/responsibility-and-impact/community-giving/giving-faqs/,T5 Education Article,Default,Default ES,Default ES,ES,No (Deferred),Future,11,-,Deferred to ES migration phase,"Default content, Cards, Help Sidebar, Disclaimers",Spanish mirror - deferred to future phase
https://www.wellsfargo.com/es/about/responsibility-and-impact/community-giving/grant-process/,/es/about/responsibility-and-impact/community-giving/grant-process/,T5 Education Article,Default,Default ES,Default ES,ES,No (Deferred),Future,11,-,Deferred to ES migration phase,"Default content, Cards, Help Sidebar, Disclaimers",Spanish mirror - deferred to future phase
https://www.wellsfargo.com/es/about/responsibility-and-impact/community-reinvestment-act/,/es/about/responsibility-and-impact/community-reinvestment-act/,T5 Education Article,Default,Default ES,Default ES,ES,No (Deferred),Future,11,-,Deferred to ES migration phase,"Default content, Cards, Help Sidebar, Disclaimers",Spanish mirror - deferred to future phase
https://www.wellsfargo.com/es/about/responsibility-and-impact/sustainability/,/es/about/responsibility-and-impact/sustainability/,T5 Education Article,Default,Default ES,Default ES,ES,No (Deferred),Future,11,-,Deferred to ES migration phase,"Default content, Cards, Help Sidebar, Disclaimers",Spanish mirror - deferred to future phase
https://www.wellsfargo.com/es/atm/,/es/atm/,T12 Privacy/Legal/Utility,Default,Default ES,Default ES,ES,No (Deferred),Future,13,-,Deferred to ES migration phase,"Default content, Table, Columns, Disclaimers",Spanish mirror - deferred to future phase
https://www.wellsfargo.com/es/biz/,/es/biz/,T8a Biz Landing,Default,Biz ES,Biz ES,ES,No (Deferred),Future,6,-,Deferred to ES migration phase,"Hero, Cards, Columns, App Promo, Disclaimers",Spanish mirror - deferred to future phase
https://www.wellsfargo.com/es/biz/business-credit/,/es/biz/business-credit/,T8b Biz Sub-page,Default,Biz ES,Biz ES,ES,No (Deferred),Future,6,-,Deferred to ES migration phase,"Hero, Cards, product-comparison, Table, Disclaimers",Spanish mirror - deferred to future phase
https://www.wellsfargo.com/es/biz/business-credit/agreements/,/es/biz/business-credit/agreements/,T8b Biz Sub-page,Default,Biz ES,Biz ES,ES,No (Deferred),Future,6,-,Deferred to ES migration phase,"Hero, Cards, product-comparison, Table, Disclaimers",Spanish mirror - deferred to future phase
https://www.wellsfargo.com/es/biz/business-credit/agreements/signify-business-cash-agreement/,/es/biz/business-credit/agreements/signify-business-cash-agreement/,T8b Biz Sub-page,Default,Biz ES,Biz ES,ES,No (Deferred),Future,6,-,Deferred to ES migration phase,"Hero, Cards, product-comparison, Table, Disclaimers",Spanish mirror - deferred to future phase
https://www.wellsfargo.com/es/biz/business-credit/agreements/signify-business-elite-agreement/,/es/biz/business-credit/agreements/signify-business-elite-agreement/,T8b Biz Sub-page,Default,Biz ES,Biz ES,ES,No (Deferred),Future,6,-,Deferred to ES migration phase,"Hero, Cards, product-comparison, Table, Disclaimers",Spanish mirror - deferred to future phase
https://www.wellsfargo.com/es/biz/business-credit/credit-cards/documents/,/es/biz/business-credit/credit-cards/documents/,T8b Biz Sub-page,Default,Biz ES,Biz ES,ES,No (Deferred),Future,6,-,Deferred to ES migration phase,"Hero, Cards, product-comparison, Table, Disclaimers",Spanish mirror - deferred to future phase
https://www.wellsfargo.com/es/biz/business-credit/credit-cards/rewards/cash-back-terms/,/es/biz/business-credit/credit-cards/rewards/cash-back-terms/,T8b Biz Sub-page,Default,Biz ES,Biz ES,ES,No (Deferred),Future,6,-,Deferred to ES migration phase,"Hero, Cards, product-comparison, Table, Disclaimers",Spanish mirror - deferred to future phase
https://www.wellsfargo.com/es/biz/business-credit/credit-cards/signify-business-cash-credit-card-terms-conditions/,/es/biz/business-credit/credit-cards/signify-business-cash-credit-card-terms-conditions/,T8b Biz Sub-page,Default,Biz ES,Biz ES,ES,No (Deferred),Future,6,-,Deferred to ES migration phase,"Hero, Cards, product-comparison, Table, Disclaimers",Spanish mirror - deferred to future phase
https://www.wellsfargo.com/es/biz/business-credit/credit-cards/signify-business-cash-guide-to-benefits/,/es/biz/business-credit/credit-cards/signify-business-cash-guide-to-benefits/,T8b Biz Sub-page,Default,Biz ES,Biz ES,ES,No (Deferred),Future,6,-,Deferred to ES migration phase,"Hero, Cards, product-comparison, Table, Disclaimers",Spanish mirror - deferred to future phase
https://www.wellsfargo.com/es/biz/business-credit/lightbox-prime/,/es/biz/business-credit/lightbox-prime/,T8b Biz Sub-page,Default,Biz ES,Biz ES,ES,No (Deferred),Future,6,-,Deferred to ES migration phase,"Hero, Cards, product-comparison, Table, Disclaimers",Spanish mirror - deferred to future phase
https://www.wellsfargo.com/es/biz/business-credit/lines-of-credit/,/es/biz/business-credit/lines-of-credit/,T8b Biz Sub-page,Default,Biz ES,Biz ES,ES,No (Deferred),Future,6,-,Deferred to ES migration phase,"Hero, Cards, product-comparison, Table, Disclaimers",Spanish mirror - deferred to future phase
https://www.wellsfargo.com/es/biz/business-credit/lines-of-credit/prime-line-of-credit/,/es/biz/business-credit/lines-of-credit/prime-line-of-credit/,T8b Biz Sub-page,Default,Biz ES,Biz ES,ES,No (Deferred),Future,6,-,Deferred to ES migration phase,"Hero, Cards, product-comparison, Table, Disclaimers",Spanish mirror - deferred to future phase
https://www.wellsfargo.com/es/biz/checking/,/es/biz/checking/,T8b Biz Sub-page,Default,Biz ES,Biz ES,ES,No (Deferred),Future,6,-,Deferred to ES migration phase,"Hero, Cards, product-comparison, Table, Disclaimers",Spanish mirror - deferred to future phase
https://www.wellsfargo.com/es/biz/checking/compare-checking-accounts/,/es/biz/checking/compare-checking-accounts/,T8b Biz Sub-page,Default,Biz ES,Biz ES,ES,No (Deferred),Future,6,-,Deferred to ES migration phase,"Hero, Cards, product-comparison, Table, Disclaimers",Spanish mirror - deferred to future phase
https://www.wellsfargo.com/es/biz/checking/initiate/,/es/biz/checking/initiate/,T8b Biz Sub-page,Default,Biz ES,Biz ES,ES,No (Deferred),Future,6,-,Deferred to ES migration phase,"Hero, Cards, product-comparison, Table, Disclaimers",Spanish mirror - deferred to future phase
https://www.wellsfargo.com/es/biz/checking/navigate/,/es/biz/checking/navigate/,T8b Biz Sub-page,Default,Biz ES,Biz ES,ES,No (Deferred),Future,6,-,Deferred to ES migration phase,"Hero, Cards, product-comparison, Table, Disclaimers",Spanish mirror - deferred to future phase
https://www.wellsfargo.com/es/biz/checking/optimize/,/es/biz/checking/optimize/,T8b Biz Sub-page,Default,Biz ES,Biz ES,ES,No (Deferred),Future,6,-,Deferred to ES migration phase,"Hero, Cards, product-comparison, Table, Disclaimers",Spanish mirror - deferred to future phase
https://www.wellsfargo.com/es/biz/checking/optimize/treasury-services/,/es/biz/checking/optimize/treasury-services/,T8b Biz Sub-page,Default,Biz ES,Biz ES,ES,No (Deferred),Future,6,-,Deferred to ES migration phase,"Hero, Cards, product-comparison, Table, Disclaimers",Spanish mirror - deferred to future phase
https://www.wellsfargo.com/es/biz/debit-card/,/es/biz/debit-card/,T8b Biz Sub-page,Default,Biz ES,Biz ES,ES,No (Deferred),Future,6,-,Deferred to ES migration phase,"Hero, Cards, product-comparison, Table, Disclaimers",Spanish mirror - deferred to future phase
https://www.wellsfargo.com/es/biz/debit-card/design/,/es/biz/debit-card/design/,T8b Biz Sub-page,Default,Biz ES,Biz ES,ES,No (Deferred),Future,6,-,Deferred to ES migration phase,"Hero, Cards, product-comparison, Table, Disclaimers",Spanish mirror - deferred to future phase
https://www.wellsfargo.com/es/biz/fee-information/,/es/biz/fee-information/,T8b Biz Sub-page,Default,Biz ES,Biz ES,ES,No (Deferred),Future,6,-,Deferred to ES migration phase,"Hero, Cards, product-comparison, Table, Disclaimers",Spanish mirror - deferred to future phase
https://www.wellsfargo.com/es/biz/help/,/es/biz/help/,T8b Biz Sub-page,Default,Biz ES,Biz ES,ES,No (Deferred),Future,6,-,Deferred to ES migration phase,"Hero, Cards, product-comparison, Table, Disclaimers",Spanish mirror - deferred to future phase
https://www.wellsfargo.com/es/biz/help/addresses/,/es/biz/help/addresses/,T8b Biz Sub-page,Default,Biz ES,Biz ES,ES,No (Deferred),Future,6,-,Deferred to ES migration phase,"Hero, Cards, product-comparison, Table, Disclaimers",Spanish mirror - deferred to future phase
https://www.wellsfargo.com/es/biz/help/apply/,/es/biz/help/apply/,T8b Biz Sub-page,Default,Biz ES,Biz ES,ES,No (Deferred),Future,6,-,Deferred to ES migration phase,"Hero, Cards, product-comparison, Table, Disclaimers",Spanish mirror - deferred to future phase
https://www.wellsfargo.com/es/biz/help/faqs/,/es/biz/help/faqs/,T8b Biz Sub-page,Default,Biz ES,Biz ES,ES,No (Deferred),Future,6,-,Deferred to ES migration phase,"Hero, Cards, product-comparison, Table, Disclaimers",Spanish mirror - deferred to future phase
https://www.wellsfargo.com/es/biz/help/faqs/accounts/,/es/biz/help/faqs/accounts/,T8b Biz Sub-page,Default,Biz ES,Biz ES,ES,No (Deferred),Future,6,-,Deferred to ES migration phase,"Hero, Cards, product-comparison, Table, Disclaimers",Spanish mirror - deferred to future phase
https://www.wellsfargo.com/es/biz/help/faqs/alerts/,/es/biz/help/faqs/alerts/,T8b Biz Sub-page,Default,Biz ES,Biz ES,ES,No (Deferred),Future,6,-,Deferred to ES migration phase,"Hero, Cards, product-comparison, Table, Disclaimers",Spanish mirror - deferred to future phase
https://www.wellsfargo.com/es/biz/help/faqs/budget-watch/,/es/biz/help/faqs/budget-watch/,T8b Biz Sub-page,Default,Biz ES,Biz ES,ES,No (Deferred),Future,6,-,Deferred to ES migration phase,"Hero, Cards, product-comparison, Table, Disclaimers",Spanish mirror - deferred to future phase
https://www.wellsfargo.com/es/biz/help/faqs/business-line/,/es/biz/help/faqs/business-line/,T8b Biz Sub-page,Default,Biz ES,Biz ES,ES,No (Deferred),Future,6,-,Deferred to ES migration phase,"Hero, Cards, product-comparison, Table, Disclaimers",Spanish mirror - deferred to future phase
https://www.wellsfargo.com/es/biz/help/faqs/credit-cards/,/es/biz/help/faqs/credit-cards/,T8b Biz Sub-page,Default,Biz ES,Biz ES,ES,No (Deferred),Future,6,-,Deferred to ES migration phase,"Hero, Cards, product-comparison, Table, Disclaimers",Spanish mirror - deferred to future phase
https://www.wellsfargo.com/es/biz/help/faqs/deposit-hold/,/es/biz/help/faqs/deposit-hold/,T8b Biz Sub-page,Default,Biz ES,Biz ES,ES,No (Deferred),Future,6,-,Deferred to ES migration phase,"Hero, Cards, product-comparison, Table, Disclaimers",Spanish mirror - deferred to future phase
https://www.wellsfargo.com/es/biz/help/faqs/direct-pay/,/es/biz/help/faqs/direct-pay/,T8b Biz Sub-page,Default,Biz ES,Biz ES,ES,No (Deferred),Future,6,-,Deferred to ES migration phase,"Hero, Cards, product-comparison, Table, Disclaimers",Spanish mirror - deferred to future phase
https://www.wellsfargo.com/es/biz/help/faqs/overdraft-services/,/es/biz/help/faqs/overdraft-services/,T8b Biz Sub-page,Default,Biz ES,Biz ES,ES,No (Deferred),Future,6,-,Deferred to ES migration phase,"Hero, Cards, product-comparison, Table, Disclaimers",Spanish mirror - deferred to future phase
https://www.wellsfargo.com/es/biz/help/faqs/quickbooks/,/es/biz/help/faqs/quickbooks/,T8b Biz Sub-page,Default,Biz ES,Biz ES,ES,No (Deferred),Future,6,-,Deferred to ES migration phase,"Hero, Cards, product-comparison, Table, Disclaimers",Spanish mirror - deferred to future phase
https://www.wellsfargo.com/es/biz/help/faqs/quicken/,/es/biz/help/faqs/quicken/,T8b Biz Sub-page,Default,Biz ES,Biz ES,ES,No (Deferred),Future,6,-,Deferred to ES migration phase,"Hero, Cards, product-comparison, Table, Disclaimers",Spanish mirror - deferred to future phase
https://www.wellsfargo.com/es/biz/help/faqs/term-loan/,/es/biz/help/faqs/term-loan/,T8b Biz Sub-page,Default,Biz ES,Biz ES,ES,No (Deferred),Future,6,-,Deferred to ES migration phase,"Hero, Cards, product-comparison, Table, Disclaimers",Spanish mirror - deferred to future phase
https://www.wellsfargo.com/es/biz/help/faqs/xero/,/es/biz/help/faqs/xero/,T8b Biz Sub-page,Default,Biz ES,Biz ES,ES,No (Deferred),Future,6,-,Deferred to ES migration phase,"Hero, Cards, product-comparison, Table, Disclaimers",Spanish mirror - deferred to future phase
https://www.wellsfargo.com/es/biz/help/faqs/zelle/,/es/biz/help/faqs/zelle/,T8b Biz Sub-page,Default,Biz ES,Biz ES,ES,No (Deferred),Future,6,-,Deferred to ES migration phase,"Hero, Cards, product-comparison, Table, Disclaimers",Spanish mirror - deferred to future phase
https://www.wellsfargo.com/es/biz/merchant/,/es/biz/merchant/,T8b Biz Sub-page,Default,Biz ES,Biz ES,ES,No (Deferred),Future,6,-,Deferred to ES migration phase,"Hero, Cards, product-comparison, Table, Disclaimers",Spanish mirror - deferred to future phase
https://www.wellsfargo.com/es/biz/merchant/advantages/,/es/biz/merchant/advantages/,T8b Biz Sub-page,Default,Biz ES,Biz ES,ES,No (Deferred),Future,6,-,Deferred to ES migration phase,"Hero, Cards, product-comparison, Table, Disclaimers",Spanish mirror - deferred to future phase
https://www.wellsfargo.com/es/biz/merchant/payment-processing-options/,/es/biz/merchant/payment-processing-options/,T8b Biz Sub-page,Default,Biz ES,Biz ES,ES,No (Deferred),Future,6,-,Deferred to ES migration phase,"Hero, Cards, product-comparison, Table, Disclaimers",Spanish mirror - deferred to future phase
https://www.wellsfargo.com/es/biz/merchant/payment-processing-options/clover-compact/,/es/biz/merchant/payment-processing-options/clover-compact/,T8b Biz Sub-page,Default,Biz ES,Biz ES,ES,No (Deferred),Future,6,-,Deferred to ES migration phase,"Hero, Cards, product-comparison, Table, Disclaimers",Spanish mirror - deferred to future phase
https://www.wellsfargo.com/es/biz/merchant/payment-processing-options/clover-flex/,/es/biz/merchant/payment-processing-options/clover-flex/,T8b Biz Sub-page,Default,Biz ES,Biz ES,ES,No (Deferred),Future,6,-,Deferred to ES migration phase,"Hero, Cards, product-comparison, Table, Disclaimers",Spanish mirror - deferred to future phase
https://www.wellsfargo.com/es/biz/merchant/payment-processing-options/clover-gateway-ecommerce/,/es/biz/merchant/payment-processing-options/clover-gateway-ecommerce/,T8b Biz Sub-page,Default,Biz ES,Biz ES,ES,No (Deferred),Future,6,-,Deferred to ES migration phase,"Hero, Cards, product-comparison, Table, Disclaimers",Spanish mirror - deferred to future phase
https://www.wellsfargo.com/es/biz/merchant/payment-processing-options/clover-go/,/es/biz/merchant/payment-processing-options/clover-go/,T8b Biz Sub-page,Default,Biz ES,Biz ES,ES,No (Deferred),Future,6,-,Deferred to ES migration phase,"Hero, Cards, product-comparison, Table, Disclaimers",Spanish mirror - deferred to future phase
https://www.wellsfargo.com/es/biz/merchant/payment-processing-options/clover-mini/,/es/biz/merchant/payment-processing-options/clover-mini/,T8b Biz Sub-page,Default,Biz ES,Biz ES,ES,No (Deferred),Future,6,-,Deferred to ES migration phase,"Hero, Cards, product-comparison, Table, Disclaimers",Spanish mirror - deferred to future phase
https://www.wellsfargo.com/es/biz/merchant/payment-processing-options/clover-station-duo/,/es/biz/merchant/payment-processing-options/clover-station-duo/,T8b Biz Sub-page,Default,Biz ES,Biz ES,ES,No (Deferred),Future,6,-,Deferred to ES migration phase,"Hero, Cards, product-comparison, Table, Disclaimers",Spanish mirror - deferred to future phase
https://www.wellsfargo.com/es/biz/merchant/payment-processing-options/clover-station-solo/,/es/biz/merchant/payment-processing-options/clover-station-solo/,T8b Biz Sub-page,Default,Biz ES,Biz ES,ES,No (Deferred),Future,6,-,Deferred to ES migration phase,"Hero, Cards, product-comparison, Table, Disclaimers",Spanish mirror - deferred to future phase
https://www.wellsfargo.com/es/biz/merchant/payment-processing-pricing/,/es/biz/merchant/payment-processing-pricing/,T8b Biz Sub-page,Default,Biz ES,Biz ES,ES,No (Deferred),Future,6,-,Deferred to ES migration phase,"Hero, Cards, product-comparison, Table, Disclaimers",Spanish mirror - deferred to future phase
https://www.wellsfargo.com/es/biz/mobile/,/es/biz/mobile/,T8b Biz Sub-page,Default,Biz ES,Biz ES,ES,No (Deferred),Future,6,-,Deferred to ES migration phase,"Hero, Cards, product-comparison, Table, Disclaimers",Spanish mirror - deferred to future phase
https://www.wellsfargo.com/es/biz/online-banking/,/es/biz/online-banking/,T8b Biz Sub-page,Default,Biz ES,Biz ES,ES,No (Deferred),Future,6,-,Deferred to ES migration phase,"Hero, Cards, product-comparison, Table, Disclaimers",Spanish mirror - deferred to future phase
https://www.wellsfargo.com/es/biz/online-banking/alerts/,/es/biz/online-banking/alerts/,T8b Biz Sub-page,Default,Biz ES,Biz ES,ES,No (Deferred),Future,6,-,Deferred to ES migration phase,"Hero, Cards, product-comparison, Table, Disclaimers",Spanish mirror - deferred to future phase
https://www.wellsfargo.com/es/biz/online-banking/bill-pay/,/es/biz/online-banking/bill-pay/,T8b Biz Sub-page,Default,Biz ES,Biz ES,ES,No (Deferred),Future,6,-,Deferred to ES migration phase,"Hero, Cards, product-comparison, Table, Disclaimers",Spanish mirror - deferred to future phase
https://www.wellsfargo.com/es/biz/online-banking/bill-pay/enroll/,/es/biz/online-banking/bill-pay/enroll/,T8b Biz Sub-page,Default,Biz ES,Biz ES,ES,No (Deferred),Future,6,-,Deferred to ES migration phase,"Hero, Cards, product-comparison, Table, Disclaimers",Spanish mirror - deferred to future phase
https://www.wellsfargo.com/es/biz/online-banking/deposit-details/,/es/biz/online-banking/deposit-details/,T8b Biz Sub-page,Default,Biz ES,Biz ES,ES,No (Deferred),Future,6,-,Deferred to ES migration phase,"Hero, Cards, product-comparison, Table, Disclaimers",Spanish mirror - deferred to future phase
https://www.wellsfargo.com/es/biz/online-banking/direct-pay/,/es/biz/online-banking/direct-pay/,T8b Biz Sub-page,Default,Biz ES,Biz ES,ES,No (Deferred),Future,6,-,Deferred to ES migration phase,"Hero, Cards, product-comparison, Table, Disclaimers",Spanish mirror - deferred to future phase
https://www.wellsfargo.com/es/biz/online-banking/direct-pay/agreement/,/es/biz/online-banking/direct-pay/agreement/,T8b Biz Sub-page,Default,Biz ES,Biz ES,ES,No (Deferred),Future,6,-,Deferred to ES migration phase,"Hero, Cards, product-comparison, Table, Disclaimers",Spanish mirror - deferred to future phase
https://www.wellsfargo.com/es/biz/online-banking/international/,/es/biz/online-banking/international/,T8b Biz Sub-page,Default,Biz ES,Biz ES,ES,No (Deferred),Future,6,-,Deferred to ES migration phase,"Hero, Cards, product-comparison, Table, Disclaimers",Spanish mirror - deferred to future phase
https://www.wellsfargo.com/es/biz/online-banking/international/payments/,/es/biz/online-banking/international/payments/,T8b Biz Sub-page,Default,Biz ES,Biz ES,ES,No (Deferred),Future,6,-,Deferred to ES migration phase,"Hero, Cards, product-comparison, Table, Disclaimers",Spanish mirror - deferred to future phase
https://www.wellsfargo.com/es/biz/online-banking/manage-accounts/,/es/biz/online-banking/manage-accounts/,T8b Biz Sub-page,Default,Biz ES,Biz ES,ES,No (Deferred),Future,6,-,Deferred to ES migration phase,"Hero, Cards, product-comparison, Table, Disclaimers",Spanish mirror - deferred to future phase
https://www.wellsfargo.com/es/biz/online-banking/payments-comparison/,/es/biz/online-banking/payments-comparison/,T8b Biz Sub-page,Default,Biz ES,Biz ES,ES,No (Deferred),Future,6,-,Deferred to ES migration phase,"Hero, Cards, product-comparison, Table, Disclaimers",Spanish mirror - deferred to future phase
https://www.wellsfargo.com/es/biz/online-banking/securid/,/es/biz/online-banking/securid/,T8b Biz Sub-page,Default,Biz ES,Biz ES,ES,No (Deferred),Future,6,-,Deferred to ES migration phase,"Hero, Cards, product-comparison, Table, Disclaimers",Spanish mirror - deferred to future phase
https://www.wellsfargo.com/es/biz/online-banking/software/,/es/biz/online-banking/software/,T8b Biz Sub-page,Default,Biz ES,Biz ES,ES,No (Deferred),Future,6,-,Deferred to ES migration phase,"Hero, Cards, product-comparison, Table, Disclaimers",Spanish mirror - deferred to future phase
https://www.wellsfargo.com/es/checking/,/es/checking/,T2 L1 Product Landing,Default,Default ES,Default ES,ES,No (Deferred),Future,2,-,Deferred to ES migration phase,"Hero, Tabs, product-comparison, Accordion, help-cta, Disclaimers",Spanish mirror - deferred to future phase
https://www.wellsfargo.com/es/checking/clear-access-banking/,/es/checking/clear-access-banking/,T3 Product Detail,Default,Default ES,Default ES,ES,No (Deferred),Future,3,-,Deferred to ES migration phase,"Hero, Cards, Table, Accordion, help-cta, Disclaimers",Spanish mirror - deferred to future phase
https://www.wellsfargo.com/es/checking/clear-access-banking/account-fees-summary/,/es/checking/clear-access-banking/account-fees-summary/,T3 Product Detail,Default,Default ES,Default ES,ES,No (Deferred),Future,3,-,Deferred to ES migration phase,"Hero, Cards, Table, Accordion, help-cta, Disclaimers",Spanish mirror - deferred to future phase
https://www.wellsfargo.com/es/checking/clear-access-banking/identification-required-to-open/,/es/checking/clear-access-banking/identification-required-to-open/,T3 Product Detail,Default,Default ES,Default ES,ES,No (Deferred),Future,3,-,Deferred to ES migration phase,"Hero, Cards, Table, Accordion, help-cta, Disclaimers",Spanish mirror - deferred to future phase
https://www.wellsfargo.com/es/checking/compare-checking-accounts/,/es/checking/compare-checking-accounts/,T3 Product Detail,Default,Default ES,Default ES,ES,No (Deferred),Future,3,-,Deferred to ES migration phase,"Hero, Cards, Table, Accordion, help-cta, Disclaimers",Spanish mirror - deferred to future phase
https://www.wellsfargo.com/es/checking/early-pay-day/,/es/checking/early-pay-day/,T3 Product Detail,Default,Default ES,Default ES,ES,No (Deferred),Future,3,-,Deferred to ES migration phase,"Hero, Cards, Table, Accordion, help-cta, Disclaimers",Spanish mirror - deferred to future phase
https://www.wellsfargo.com/es/checking/everyday/,/es/checking/everyday/,T3 Product Detail,Default,Default ES,Default ES,ES,No (Deferred),Future,3,-,Deferred to ES migration phase,"Hero, Cards, Table, Accordion, help-cta, Disclaimers",Spanish mirror - deferred to future phase
https://www.wellsfargo.com/es/checking/everyday/account-fees-summary/,/es/checking/everyday/account-fees-summary/,T3 Product Detail,Default,Default ES,Default ES,ES,No (Deferred),Future,3,-,Deferred to ES migration phase,"Hero, Cards, Table, Accordion, help-cta, Disclaimers",Spanish mirror - deferred to future phase
https://www.wellsfargo.com/es/checking/everyday/identification-required-to-open/,/es/checking/everyday/identification-required-to-open/,T3 Product Detail,Default,Default ES,Default ES,ES,No (Deferred),Future,3,-,Deferred to ES migration phase,"Hero, Cards, Table, Accordion, help-cta, Disclaimers",Spanish mirror - deferred to future phase
https://www.wellsfargo.com/es/checking/extra-day-grace-period/,/es/checking/extra-day-grace-period/,T3 Product Detail,Default,Default ES,Default ES,ES,No (Deferred),Future,3,-,Deferred to ES migration phase,"Hero, Cards, Table, Accordion, help-cta, Disclaimers",Spanish mirror - deferred to future phase
https://www.wellsfargo.com/es/checking/overdraft-services/,/es/checking/overdraft-services/,T3 Product Detail,Default,Default ES,Default ES,ES,No (Deferred),Future,3,-,Deferred to ES migration phase,"Hero, Cards, Table, Accordion, help-cta, Disclaimers",Spanish mirror - deferred to future phase
https://www.wellsfargo.com/es/checking/premier/,/es/checking/premier/,T3 Product Detail,Default,Default ES,Default ES,ES,No (Deferred),Future,3,-,Deferred to ES migration phase,"Hero, Cards, Table, Accordion, help-cta, Disclaimers",Spanish mirror - deferred to future phase
https://www.wellsfargo.com/es/checking/premier/account-benefits/,/es/checking/premier/account-benefits/,T3 Product Detail,Default,Default ES,Default ES,ES,No (Deferred),Future,3,-,Deferred to ES migration phase,"Hero, Cards, Table, Accordion, help-cta, Disclaimers",Spanish mirror - deferred to future phase
https://www.wellsfargo.com/es/checking/premier/account-fees-summary/,/es/checking/premier/account-fees-summary/,T3 Product Detail,Default,Default ES,Default ES,ES,No (Deferred),Future,3,-,Deferred to ES migration phase,"Hero, Cards, Table, Accordion, help-cta, Disclaimers",Spanish mirror - deferred to future phase
https://www.wellsfargo.com/es/checking/premier/identification-required-to-open/,/es/checking/premier/identification-required-to-open/,T3 Product Detail,Default,Default ES,Default ES,ES,No (Deferred),Future,3,-,Deferred to ES migration phase,"Hero, Cards, Table, Accordion, help-cta, Disclaimers",Spanish mirror - deferred to future phase
https://www.wellsfargo.com/es/checking/prime/,/es/checking/prime/,T3 Product Detail,Default,Default ES,Default ES,ES,No (Deferred),Future,3,-,Deferred to ES migration phase,"Hero, Cards, Table, Accordion, help-cta, Disclaimers",Spanish mirror - deferred to future phase
https://www.wellsfargo.com/es/checking/prime/account-benefits/,/es/checking/prime/account-benefits/,T3 Product Detail,Default,Default ES,Default ES,ES,No (Deferred),Future,3,-,Deferred to ES migration phase,"Hero, Cards, Table, Accordion, help-cta, Disclaimers",Spanish mirror - deferred to future phase
https://www.wellsfargo.com/es/checking/prime/account-fees-summary/,/es/checking/prime/account-fees-summary/,T3 Product Detail,Default,Default ES,Default ES,ES,No (Deferred),Future,3,-,Deferred to ES migration phase,"Hero, Cards, Table, Accordion, help-cta, Disclaimers",Spanish mirror - deferred to future phase
https://www.wellsfargo.com/es/checking/prime/identification-required-to-open/,/es/checking/prime/identification-required-to-open/,T3 Product Detail,Default,Default ES,Default ES,ES,No (Deferred),Future,3,-,Deferred to ES migration phase,"Hero, Cards, Table, Accordion, help-cta, Disclaimers",Spanish mirror - deferred to future phase
https://www.wellsfargo.com/es/checking/product-selector/,/es/checking/product-selector/,T3 Product Detail,Default,Default ES,Default ES,ES,No (Deferred),Future,3,-,Deferred to ES migration phase,"Hero, Cards, Table, Accordion, help-cta, Disclaimers",Spanish mirror - deferred to future phase
https://www.wellsfargo.com/es/checking/student/,/es/checking/student/,T3 Product Detail,Default,Default ES,Default ES,ES,No (Deferred),Future,3,-,Deferred to ES migration phase,"Hero, Cards, Table, Accordion, help-cta, Disclaimers",Spanish mirror - deferred to future phase
https://www.wellsfargo.com/es/cib/,/es/cib/,T9 CIB/Commercial Landing,Default,CIB ES,CIB ES,ES,No (Deferred),Future,7,-,Deferred to ES migration phase,"Hero, Carousel, Deal Card, Cards, Disclaimers",Spanish mirror - deferred to future phase
https://www.wellsfargo.com/es/cib/careers/,/es/cib/careers/,T10 CIB/Commercial Sub-page,Default,CIB ES,CIB ES,ES,No (Deferred),Future,7,-,Deferred to ES migration phase,"Default content, Cards, Quote, Embed, Disclaimers",Spanish mirror - deferred to future phase
https://www.wellsfargo.com/es/cib/commercial-real-estate/,/es/cib/commercial-real-estate/,T10 CIB/Commercial Sub-page,Default,CIB ES,CIB ES,ES,No (Deferred),Future,7,-,Deferred to ES migration phase,"Default content, Cards, Quote, Embed, Disclaimers",Spanish mirror - deferred to future phase
https://www.wellsfargo.com/es/cib/commercial-real-estate/agency-fha/,/es/cib/commercial-real-estate/agency-fha/,T10 CIB/Commercial Sub-page,Default,CIB ES,CIB ES,ES,No (Deferred),Future,7,-,Deferred to ES migration phase,"Default content, Cards, Quote, Embed, Disclaimers",Spanish mirror - deferred to future phase
https://www.wellsfargo.com/es/cib/commercial-real-estate/expertise/,/es/cib/commercial-real-estate/expertise/,T10 CIB/Commercial Sub-page,Default,CIB ES,CIB ES,ES,No (Deferred),Future,7,-,Deferred to ES migration phase,"Default content, Cards, Quote, Embed, Disclaimers",Spanish mirror - deferred to future phase
https://www.wellsfargo.com/es/cib/commercial-real-estate/leadership/,/es/cib/commercial-real-estate/leadership/,T10 CIB/Commercial Sub-page,Default,CIB ES,CIB ES,ES,No (Deferred),Future,7,-,Deferred to ES migration phase,"Default content, Cards, Quote, Embed, Disclaimers",Spanish mirror - deferred to future phase
https://www.wellsfargo.com/es/cib/commercial-real-estate/multifamily-capital/sales-team/,/es/cib/commercial-real-estate/multifamily-capital/sales-team/,T10 CIB/Commercial Sub-page,Default,CIB ES,CIB ES,ES,No (Deferred),Future,7,-,Deferred to ES migration phase,"Default content, Cards, Quote, Embed, Disclaimers",Spanish mirror - deferred to future phase
https://www.wellsfargo.com/es/cib/commercial-real-estate/specialization/,/es/cib/commercial-real-estate/specialization/,T10 CIB/Commercial Sub-page,Default,CIB ES,CIB ES,ES,No (Deferred),Future,7,-,Deferred to ES migration phase,"Default content, Cards, Quote, Embed, Disclaimers",Spanish mirror - deferred to future phase
https://www.wellsfargo.com/es/cib/commercial-special-measures/,/es/cib/commercial-special-measures/,T10 CIB/Commercial Sub-page,Default,CIB ES,CIB ES,ES,No (Deferred),Future,7,-,Deferred to ES migration phase,"Default content, Cards, Quote, Embed, Disclaimers",Spanish mirror - deferred to future phase
https://www.wellsfargo.com/es/cib/deals/,/es/cib/deals/,T10 CIB/Commercial Sub-page,Default,CIB ES,CIB ES,ES,No (Deferred),Future,7,-,Deferred to ES migration phase,"Default content, Cards, Quote, Embed, Disclaimers",Spanish mirror - deferred to future phase
https://www.wellsfargo.com/es/cib/focus/technology-banking-leadership/,/es/cib/focus/technology-banking-leadership/,T10 CIB/Commercial Sub-page,Default,CIB ES,CIB ES,ES,No (Deferred),Future,7,-,Deferred to ES migration phase,"Default content, Cards, Quote, Embed, Disclaimers",Spanish mirror - deferred to future phase
https://www.wellsfargo.com/es/cib/global-markets/,/es/cib/global-markets/,T10 CIB/Commercial Sub-page,Default,CIB ES,CIB ES,ES,No (Deferred),Future,7,-,Deferred to ES migration phase,"Default content, Cards, Quote, Embed, Disclaimers",Spanish mirror - deferred to future phase
https://www.wellsfargo.com/es/cib/global-markets/equities/,/es/cib/global-markets/equities/,T10 CIB/Commercial Sub-page,Default,CIB ES,CIB ES,ES,No (Deferred),Future,7,-,Deferred to ES migration phase,"Default content, Cards, Quote, Embed, Disclaimers",Spanish mirror - deferred to future phase
https://www.wellsfargo.com/es/cib/global-markets/equities/equity-research/,/es/cib/global-markets/equities/equity-research/,T10 CIB/Commercial Sub-page,Default,CIB ES,CIB ES,ES,No (Deferred),Future,7,-,Deferred to ES migration phase,"Default content, Cards, Quote, Embed, Disclaimers",Spanish mirror - deferred to future phase
https://www.wellsfargo.com/es/cib/global-markets/extelallamerica/,/es/cib/global-markets/extelallamerica/,T10 CIB/Commercial Sub-page,Default,CIB ES,CIB ES,ES,No (Deferred),Future,7,-,Deferred to ES migration phase,"Default content, Cards, Quote, Embed, Disclaimers",Spanish mirror - deferred to future phase
https://www.wellsfargo.com/es/cib/global-markets/fixed-income/,/es/cib/global-markets/fixed-income/,T10 CIB/Commercial Sub-page,Default,CIB ES,CIB ES,ES,No (Deferred),Future,7,-,Deferred to ES migration phase,"Default content, Cards, Quote, Embed, Disclaimers",Spanish mirror - deferred to future phase
https://www.wellsfargo.com/es/cib/global-markets/leadership/,/es/cib/global-markets/leadership/,T10 CIB/Commercial Sub-page,Default,CIB ES,CIB ES,ES,No (Deferred),Future,7,-,Deferred to ES migration phase,"Default content, Cards, Quote, Embed, Disclaimers",Spanish mirror - deferred to future phase
https://www.wellsfargo.com/es/cib/global-markets/municipal-finance/,/es/cib/global-markets/municipal-finance/,T10 CIB/Commercial Sub-page,Default,CIB ES,CIB ES,ES,No (Deferred),Future,7,-,Deferred to ES migration phase,"Default content, Cards, Quote, Embed, Disclaimers",Spanish mirror - deferred to future phase
https://www.wellsfargo.com/es/cib/global-markets/municipal-finance/california-municipal-bonds/,/es/cib/global-markets/municipal-finance/california-municipal-bonds/,T10 CIB/Commercial Sub-page,Default,CIB ES,CIB ES,ES,No (Deferred),Future,7,-,Deferred to ES migration phase,"Default content, Cards, Quote, Embed, Disclaimers",Spanish mirror - deferred to future phase
https://www.wellsfargo.com/es/com/,/es/com/,T9 CIB/Commercial Landing,Default,CIB ES,CIB ES,ES,No (Deferred),Future,7,-,Deferred to ES migration phase,"Hero, Carousel, Deal Card, Cards, Disclaimers",Spanish mirror - deferred to future phase
https://www.wellsfargo.com/es/com/careers/,/es/com/careers/,T10 CIB/Commercial Sub-page,Default,CIB ES,CIB ES,ES,No (Deferred),Future,7,-,Deferred to ES migration phase,"Default content, Cards, Quote, Embed, Disclaimers",Spanish mirror - deferred to future phase
https://www.wellsfargo.com/es/com/corporate-sponsored-mortgage/,/es/com/corporate-sponsored-mortgage/,T10 CIB/Commercial Sub-page,Default,CIB ES,CIB ES,ES,No (Deferred),Future,7,-,Deferred to ES migration phase,"Default content, Cards, Quote, Embed, Disclaimers",Spanish mirror - deferred to future phase
https://www.wellsfargo.com/es/com/disclaimer/,/es/com/disclaimer/,T10 CIB/Commercial Sub-page,Default,CIB ES,CIB ES,ES,No (Deferred),Future,7,-,Deferred to ES migration phase,"Default content, Cards, Quote, Embed, Disclaimers",Spanish mirror - deferred to future phase
https://www.wellsfargo.com/es/com/disclaimer/acb/,/es/com/disclaimer/acb/,T10 CIB/Commercial Sub-page,Default,CIB ES,CIB ES,ES,No (Deferred),Future,7,-,Deferred to ES migration phase,"Default content, Cards, Quote, Embed, Disclaimers",Spanish mirror - deferred to future phase
https://www.wellsfargo.com/es/com/disclaimer/ged5/,/es/com/disclaimer/ged5/,T10 CIB/Commercial Sub-page,Default,CIB ES,CIB ES,ES,No (Deferred),Future,7,-,Deferred to ES migration phase,"Default content, Cards, Quote, Embed, Disclaimers",Spanish mirror - deferred to future phase
https://www.wellsfargo.com/es/com/focus/convenience-stores/,/es/com/focus/convenience-stores/,T10 CIB/Commercial Sub-page,Default,CIB ES,CIB ES,ES,No (Deferred),Future,7,-,Deferred to ES migration phase,"Default content, Cards, Quote, Embed, Disclaimers",Spanish mirror - deferred to future phase
https://www.wellsfargo.com/es/com/focus/fdic-pass-through/,/es/com/focus/fdic-pass-through/,T10 CIB/Commercial Sub-page,Default,CIB ES,CIB ES,ES,No (Deferred),Future,7,-,Deferred to ES migration phase,"Default content, Cards, Quote, Embed, Disclaimers",Spanish mirror - deferred to future phase
https://www.wellsfargo.com/es/credit-cards/alerts/,/es/credit-cards/alerts/,T3 Product Detail,Default,Default ES,Default ES,ES,No (Deferred),Future,3,-,Deferred to ES migration phase,"Hero, Cards, Table, Accordion, help-cta, Disclaimers",Spanish mirror - deferred to future phase
https://www.wellsfargo.com/es/credit-cards/archived-product-benefits/wells-fargo-advisors-premium-rewards-visa-signature/,/es/credit-cards/archived-product-benefits/wells-fargo-advisors-premium-rewards-visa-signature/,T3 Product Detail,Default,Default ES,Default ES,ES,No (Deferred),Future,3,-,Deferred to ES migration phase,"Hero, Cards, Table, Accordion, help-cta, Disclaimers",Spanish mirror - deferred to future phase
https://www.wellsfargo.com/es/credit-cards/assist/,/es/credit-cards/assist/,T3 Product Detail,Default,Default ES,Default ES,ES,No (Deferred),Future,3,-,Deferred to ES migration phase,"Hero, Cards, Table, Accordion, help-cta, Disclaimers",Spanish mirror - deferred to future phase
https://www.wellsfargo.com/es/credit-cards/autograph-visa/streaming/,/es/credit-cards/autograph-visa/streaming/,T3 Product Detail,Default,Default ES,Default ES,ES,No (Deferred),Future,3,-,Deferred to ES migration phase,"Hero, Cards, Table, Accordion, help-cta, Disclaimers",Spanish mirror - deferred to future phase
https://www.wellsfargo.com/es/debit-card/,/es/debit-card/,T4 L2 Category Hub,Default,Default ES,Default ES,ES,No (Deferred),Future,10,-,Deferred to ES migration phase,"Hero, Cards, Columns, Accordion, App Promo, Disclaimers",Spanish mirror - deferred to future phase
https://www.wellsfargo.com/es/debit-card/alerts/,/es/debit-card/alerts/,T4 L2 Category Hub,Default,Default ES,Default ES,ES,No (Deferred),Future,10,-,Deferred to ES migration phase,"Hero, Cards, Columns, Accordion, App Promo, Disclaimers",Spanish mirror - deferred to future phase
https://www.wellsfargo.com/es/debit-card/claims/,/es/debit-card/claims/,T4 L2 Category Hub,Default,Default ES,Default ES,ES,No (Deferred),Future,10,-,Deferred to ES migration phase,"Hero, Cards, Columns, Accordion, App Promo, Disclaimers",Spanish mirror - deferred to future phase
https://www.wellsfargo.com/es/debit-card/design/,/es/debit-card/design/,T4 L2 Category Hub,Default,Default ES,Default ES,ES,No (Deferred),Future,10,-,Deferred to ES migration phase,"Hero, Cards, Columns, Accordion, App Promo, Disclaimers",Spanish mirror - deferred to future phase
https://www.wellsfargo.com/es/equity/,/es/equity/,T4 L2 Category Hub,Default,Default ES,Default ES,ES,No (Deferred),Future,10,-,Deferred to ES migration phase,"Hero, Cards, Columns, Accordion, App Promo, Disclaimers",Spanish mirror - deferred to future phase
https://www.wellsfargo.com/es/exit/hotels/,/es/exit/hotels/,Excluded (Utility),Default,Default ES,Default ES,ES,No,Excluded,14,-,-,-,Utility/redirect page - excluded
https://www.wellsfargo.com/es/financial-assistance/,/es/financial-assistance/,T4 L2 Category Hub,Default,Default ES,Default ES,ES,No (Deferred),Future,10,-,Deferred to ES migration phase,"Hero, Cards, Columns, Accordion, App Promo, Disclaimers",Spanish mirror - deferred to future phase
https://www.wellsfargo.com/es/financial-assistance/budgeting-resources/,/es/financial-assistance/budgeting-resources/,T4 L2 Category Hub,Default,Default ES,Default ES,ES,No (Deferred),Future,10,-,Deferred to ES migration phase,"Hero, Cards, Columns, Accordion, App Promo, Disclaimers",Spanish mirror - deferred to future phase
https://www.wellsfargo.com/es/financial-assistance/financial-resources/,/es/financial-assistance/financial-resources/,T4 L2 Category Hub,Default,Default ES,Default ES,ES,No (Deferred),Future,10,-,Deferred to ES migration phase,"Hero, Cards, Columns, Accordion, App Promo, Disclaimers",Spanish mirror - deferred to future phase
https://www.wellsfargo.com/es/financial-assistance/payment-relief-options/,/es/financial-assistance/payment-relief-options/,T4 L2 Category Hub,Default,Default ES,Default ES,ES,No (Deferred),Future,10,-,Deferred to ES migration phase,"Hero, Cards, Columns, Accordion, App Promo, Disclaimers",Spanish mirror - deferred to future phase
https://www.wellsfargo.com/es/financial-education/basic-finances/build-the-future/short-long-term-planning/budget-vs-financial-plan/,/es/financial-education/basic-finances/build-the-future/short-long-term-planning/budget-vs-financial-plan/,T5 Education Article,Default,Default ES,Default ES,ES,No (Deferred),Future,11,-,Deferred to ES migration phase,"Default content, Cards, Help Sidebar, Disclaimers",Spanish mirror - deferred to future phase
https://www.wellsfargo.com/es/financial-education/basic-finances/build-the-future/short-long-term-planning/financial-plan/,/es/financial-education/basic-finances/build-the-future/short-long-term-planning/financial-plan/,T5 Education Article,Default,Default ES,Default ES,ES,No (Deferred),Future,11,-,Deferred to ES migration phase,"Default content, Cards, Help Sidebar, Disclaimers",Spanish mirror - deferred to future phase
https://www.wellsfargo.com/es/financial-education/basic-finances/financial-challenges/income/cant-pay-loans/,/es/financial-education/basic-finances/financial-challenges/income/cant-pay-loans/,T5 Education Article,Default,Default ES,Default ES,ES,No (Deferred),Future,11,-,Deferred to ES migration phase,"Default content, Cards, Help Sidebar, Disclaimers",Spanish mirror - deferred to future phase
https://www.wellsfargo.com/es/financial-education/basic-finances/manage-money/cashflow-savings/emergencies/,/es/financial-education/basic-finances/manage-money/cashflow-savings/emergencies/,T5 Education Article,Default,Default ES,Default ES,ES,No (Deferred),Future,11,-,Deferred to ES migration phase,"Default content, Cards, Help Sidebar, Disclaimers",Spanish mirror - deferred to future phase
https://www.wellsfargo.com/es/financial-education/basic-finances/manage-money/cashflow-savings/pay-yourself-first/,/es/financial-education/basic-finances/manage-money/cashflow-savings/pay-yourself-first/,T5 Education Article,Default,Default ES,Default ES,ES,No (Deferred),Future,11,-,Deferred to ES migration phase,"Default content, Cards, Help Sidebar, Disclaimers",Spanish mirror - deferred to future phase
https://www.wellsfargo.com/es/financial-education/basic-finances/manage-money/cashflow-savings/track-spending/,/es/financial-education/basic-finances/manage-money/cashflow-savings/track-spending/,T5 Education Article,Default,Default ES,Default ES,ES,No (Deferred),Future,11,-,Deferred to ES migration phase,"Default content, Cards, Help Sidebar, Disclaimers",Spanish mirror - deferred to future phase
https://www.wellsfargo.com/es/financial-education/basic-finances/manage-money/payments/ins-outs-transfers/,/es/financial-education/basic-finances/manage-money/payments/ins-outs-transfers/,T5 Education Article,Default,Default ES,Default ES,ES,No (Deferred),Future,11,-,Deferred to ES migration phase,"Default content, Cards, Help Sidebar, Disclaimers",Spanish mirror - deferred to future phase
https://www.wellsfargo.com/es/financial-education/basic-finances/manage-money/payments/what-is-zelle/,/es/financial-education/basic-finances/manage-money/payments/what-is-zelle/,T5 Education Article,Default,Default ES,Default ES,ES,No (Deferred),Future,11,-,Deferred to ES migration phase,"Default content, Cards, Help Sidebar, Disclaimers",Spanish mirror - deferred to future phase
https://www.wellsfargo.com/es/financial-goals/borrow/,/es/financial-goals/borrow/,T4 L2 Category Hub,Default,Default ES,Default ES,ES,No (Deferred),Future,10,-,Deferred to ES migration phase,"Hero, Cards, Columns, Accordion, App Promo, Disclaimers",Spanish mirror - deferred to future phase
https://www.wellsfargo.com/es/financial-goals/protect/,/es/financial-goals/protect/,T4 L2 Category Hub,Default,Default ES,Default ES,ES,No (Deferred),Future,10,-,Deferred to ES migration phase,"Hero, Cards, Columns, Accordion, App Promo, Disclaimers",Spanish mirror - deferred to future phase
https://www.wellsfargo.com/es/financial-health/,/es/financial-health/,T12 Privacy/Legal/Utility,Default,Default ES,Default ES,ES,No (Deferred),Future,13,-,Deferred to ES migration phase,"Default content, Table, Columns, Disclaimers",Spanish mirror - deferred to future phase
https://www.wellsfargo.com/es/financial-health/credit-and-debt/,/es/financial-health/credit-and-debt/,T4 L2 Category Hub,Default,Default ES,Default ES,ES,No (Deferred),Future,10,-,Deferred to ES migration phase,"Hero, Cards, Columns, Accordion, App Promo, Disclaimers",Spanish mirror - deferred to future phase
https://www.wellsfargo.com/es/financial-health/investing-and-retirement/,/es/financial-health/investing-and-retirement/,T4 L2 Category Hub,Default,Default ES,Default ES,ES,No (Deferred),Future,10,-,Deferred to ES migration phase,"Hero, Cards, Columns, Accordion, App Promo, Disclaimers",Spanish mirror - deferred to future phase
https://www.wellsfargo.com/es/foreign-exchange/,/es/foreign-exchange/,T12 Privacy/Legal/Utility,Default,Default ES,Default ES,ES,No (Deferred),Future,13,-,Deferred to ES migration phase,"Default content, Table, Columns, Disclaimers",Spanish mirror - deferred to future phase
https://www.wellsfargo.com/es/foreign-exchange/euro-countries/,/es/foreign-exchange/euro-countries/,T12 Privacy/Legal/Utility,Default,Default ES,Default ES,ES,No (Deferred),Future,13,-,Deferred to ES migration phase,"Default content, Table, Columns, Disclaimers",Spanish mirror - deferred to future phase
https://www.wellsfargo.com/es/foreign-exchange/international-tips/,/es/foreign-exchange/international-tips/,T12 Privacy/Legal/Utility,Default,Default ES,Default ES,ES,No (Deferred),Future,13,-,Deferred to ES migration phase,"Default content, Table, Columns, Disclaimers",Spanish mirror - deferred to future phase
https://www.wellsfargo.com/es/goals-banking-made-easy/travel-tips/,/es/goals-banking-made-easy/travel-tips/,T5 Education Article,Default,Default ES,Default ES,ES,No (Deferred),Future,11,-,Deferred to ES migration phase,"Default content, Cards, Help Sidebar, Disclaimers",Spanish mirror - deferred to future phase
https://www.wellsfargo.com/es/goals-credit/compare-borrowing-options/,/es/goals-credit/compare-borrowing-options/,T5 Education Article,Default,Default ES,Default ES,ES,No (Deferred),Future,11,-,Deferred to ES migration phase,"Default content, Cards, Help Sidebar, Disclaimers",Spanish mirror - deferred to future phase
https://www.wellsfargo.com/es/goals-credit/debt-to-income-calculator/,/es/goals-credit/debt-to-income-calculator/,T5 Education Article,Default,Default ES,Default ES,ES,No (Deferred),Future,11,-,Deferred to ES migration phase,"Default content, Cards, Help Sidebar, Disclaimers",Spanish mirror - deferred to future phase
https://www.wellsfargo.com/es/goals-credit/smarter-credit/credit-101/,/es/goals-credit/smarter-credit/credit-101/,T5 Education Article,Default,Default ES,Default ES,ES,No (Deferred),Future,11,-,Deferred to ES migration phase,"Default content, Cards, Help Sidebar, Disclaimers",Spanish mirror - deferred to future phase
https://www.wellsfargo.com/es/goals-credit/smarter-credit/credit-101/debt-to-income-ratio/,/es/goals-credit/smarter-credit/credit-101/debt-to-income-ratio/,T5 Education Article,Default,Default ES,Default ES,ES,No (Deferred),Future,11,-,Deferred to ES migration phase,"Default content, Cards, Help Sidebar, Disclaimers",Spanish mirror - deferred to future phase
https://www.wellsfargo.com/es/goals-credit/smarter-credit/credit-101/debt-to-income-ratio/dti-faqs/,/es/goals-credit/smarter-credit/credit-101/debt-to-income-ratio/dti-faqs/,T5 Education Article,Default,Default ES,Default ES,ES,No (Deferred),Future,11,-,Deferred to ES migration phase,"Default content, Cards, Help Sidebar, Disclaimers",Spanish mirror - deferred to future phase
https://www.wellsfargo.com/es/goals-credit/smarter-credit/credit-101/debt-to-income-ratio/understanding-dti/,/es/goals-credit/smarter-credit/credit-101/debt-to-income-ratio/understanding-dti/,T5 Education Article,Default,Default ES,Default ES,ES,No (Deferred),Future,11,-,Deferred to ES migration phase,"Default content, Cards, Help Sidebar, Disclaimers",Spanish mirror - deferred to future phase
https://www.wellsfargo.com/es/goals-credit/smarter-credit/credit-101/fico/,/es/goals-credit/smarter-credit/credit-101/fico/,T5 Education Article,Default,Default ES,Default ES,ES,No (Deferred),Future,11,-,Deferred to ES migration phase,"Default content, Cards, Help Sidebar, Disclaimers",Spanish mirror - deferred to future phase
https://www.wellsfargo.com/es/goals-credit/smarter-credit/credit-101/getting-a-loan/,/es/goals-credit/smarter-credit/credit-101/getting-a-loan/,T5 Education Article,Default,Default ES,Default ES,ES,No (Deferred),Future,11,-,Deferred to ES migration phase,"Default content, Cards, Help Sidebar, Disclaimers",Spanish mirror - deferred to future phase
https://www.wellsfargo.com/es/goals-credit/smarter-credit/credit-101/why-so-many-credit-scores/,/es/goals-credit/smarter-credit/credit-101/why-so-many-credit-scores/,T5 Education Article,Default,Default ES,Default ES,ES,No (Deferred),Future,11,-,Deferred to ES migration phase,"Default content, Cards, Help Sidebar, Disclaimers",Spanish mirror - deferred to future phase
https://www.wellsfargo.com/es/goals-credit/smarter-credit/establish-credit/build-your-credit/,/es/goals-credit/smarter-credit/establish-credit/build-your-credit/,T5 Education Article,Default,Default ES,Default ES,ES,No (Deferred),Future,11,-,Deferred to ES migration phase,"Default content, Cards, Help Sidebar, Disclaimers",Spanish mirror - deferred to future phase
https://www.wellsfargo.com/es/goals-credit/smarter-credit/establish-credit/first-credit-account/,/es/goals-credit/smarter-credit/establish-credit/first-credit-account/,T5 Education Article,Default,Default ES,Default ES,ES,No (Deferred),Future,11,-,Deferred to ES migration phase,"Default content, Cards, Help Sidebar, Disclaimers",Spanish mirror - deferred to future phase
https://www.wellsfargo.com/es/goals-credit/smarter-credit/establish-credit/how-to-build-credit-when-new-to-the-US/,/es/goals-credit/smarter-credit/establish-credit/how-to-build-credit-when-new-to-the-US/,T5 Education Article,Default,Default ES,Default ES,ES,No (Deferred),Future,11,-,Deferred to ES migration phase,"Default content, Cards, Help Sidebar, Disclaimers",Spanish mirror - deferred to future phase
https://www.wellsfargo.com/es/goals-credit/smarter-credit/help/,/es/goals-credit/smarter-credit/help/,T5 Education Article,Default,Default ES,Default ES,ES,No (Deferred),Future,11,-,Deferred to ES migration phase,"Default content, Cards, Help Sidebar, Disclaimers",Spanish mirror - deferred to future phase
https://www.wellsfargo.com/es/goals-credit/smarter-credit/improve-credit/,/es/goals-credit/smarter-credit/improve-credit/,T5 Education Article,Default,Default ES,Default ES,ES,No (Deferred),Future,11,-,Deferred to ES migration phase,"Default content, Cards, Help Sidebar, Disclaimers",Spanish mirror - deferred to future phase
https://www.wellsfargo.com/es/goals-credit/smarter-credit/improve-credit/good-credit-habits/,/es/goals-credit/smarter-credit/improve-credit/good-credit-habits/,T5 Education Article,Default,Default ES,Default ES,ES,No (Deferred),Future,11,-,Deferred to ES migration phase,"Default content, Cards, Help Sidebar, Disclaimers",Spanish mirror - deferred to future phase
https://www.wellsfargo.com/es/goals-credit/smarter-credit/improve-credit/good-to-great/,/es/goals-credit/smarter-credit/improve-credit/good-to-great/,T5 Education Article,Default,Default ES,Default ES,ES,No (Deferred),Future,11,-,Deferred to ES migration phase,"Default content, Cards, Help Sidebar, Disclaimers",Spanish mirror - deferred to future phase
https://www.wellsfargo.com/es/goals-credit/smarter-credit/improve-credit/rebuild-credit/,/es/goals-credit/smarter-credit/improve-credit/rebuild-credit/,T5 Education Article,Default,Default ES,Default ES,ES,No (Deferred),Future,11,-,Deferred to ES migration phase,"Default content, Cards, Help Sidebar, Disclaimers",Spanish mirror - deferred to future phase
https://www.wellsfargo.com/es/goals-credit/smarter-credit/manage-your-debt/,/es/goals-credit/smarter-credit/manage-your-debt/,T5 Education Article,Default,Default ES,Default ES,ES,No (Deferred),Future,11,-,Deferred to ES migration phase,"Default content, Cards, Help Sidebar, Disclaimers",Spanish mirror - deferred to future phase
https://www.wellsfargo.com/es/goals-credit/smarter-credit/manage-your-debt/difficulty-making-payments/,/es/goals-credit/smarter-credit/manage-your-debt/difficulty-making-payments/,T5 Education Article,Default,Default ES,Default ES,ES,No (Deferred),Future,11,-,Deferred to ES migration phase,"Default content, Cards, Help Sidebar, Disclaimers",Spanish mirror - deferred to future phase
https://www.wellsfargo.com/es/goals-credit/smarter-credit/manage-your-debt/lower-monthly-payments/,/es/goals-credit/smarter-credit/manage-your-debt/lower-monthly-payments/,T5 Education Article,Default,Default ES,Default ES,ES,No (Deferred),Future,11,-,Deferred to ES migration phase,"Default content, Cards, Help Sidebar, Disclaimers",Spanish mirror - deferred to future phase
https://www.wellsfargo.com/es/goals-credit/smarter-credit/manage-your-debt/pay-off-debt-faster/,/es/goals-credit/smarter-credit/manage-your-debt/pay-off-debt-faster/,T5 Education Article,Default,Default ES,Default ES,ES,No (Deferred),Future,11,-,Deferred to ES migration phase,"Default content, Cards, Help Sidebar, Disclaimers",Spanish mirror - deferred to future phase
https://www.wellsfargo.com/es/goals-investing/your-investing-style/,/es/goals-investing/your-investing-style/,T5 Education Article,Default,Default ES,Default ES,ES,No (Deferred),Future,11,-,Deferred to ES migration phase,"Default content, Cards, Help Sidebar, Disclaimers",Spanish mirror - deferred to future phase
https://www.wellsfargo.com/es/help/,/es/help/,T6 Help/FAQ,Default,Default ES,Default ES,ES,No (Deferred),Future,4,-,Deferred to ES migration phase,"Tabs, Accordion, contact-info, Cards, Disclaimers",Spanish mirror - deferred to future phase
https://www.wellsfargo.com/es/help/addresses/,/es/help/addresses/,T6 Help/FAQ,Default,Default ES,Default ES,ES,No (Deferred),Future,4,-,Deferred to ES migration phase,"Tabs, Accordion, contact-info, Cards, Disclaimers",Spanish mirror - deferred to future phase
https://www.wellsfargo.com/es/help/application-status-faqs/,/es/help/application-status-faqs/,T6 Help/FAQ,Default,Default ES,Default ES,ES,No (Deferred),Future,4,-,Deferred to ES migration phase,"Tabs, Accordion, contact-info, Cards, Disclaimers",Spanish mirror - deferred to future phase
https://www.wellsfargo.com/es/help/applications-faqs/,/es/help/applications-faqs/,T6 Help/FAQ,Default,Default ES,Default ES,ES,No (Deferred),Future,4,-,Deferred to ES migration phase,"Tabs, Accordion, contact-info, Cards, Disclaimers",Spanish mirror - deferred to future phase
https://www.wellsfargo.com/es/help/apply-investment/,/es/help/apply-investment/,T6 Help/FAQ,Default,Default ES,Default ES,ES,No (Deferred),Future,4,-,Deferred to ES migration phase,"Tabs, Accordion, contact-info, Cards, Disclaimers",Spanish mirror - deferred to future phase
https://www.wellsfargo.com/es/help/checking-savings/,/es/help/checking-savings/,T6 Help/FAQ,Default,Default ES,Default ES,ES,No (Deferred),Future,4,-,Deferred to ES migration phase,"Tabs, Accordion, contact-info, Cards, Disclaimers",Spanish mirror - deferred to future phase
https://www.wellsfargo.com/es/help/checking-savings/fees-faqs/,/es/help/checking-savings/fees-faqs/,T6 Help/FAQ,Default,Default ES,Default ES,ES,No (Deferred),Future,4,-,Deferred to ES migration phase,"Tabs, Accordion, contact-info, Cards, Disclaimers",Spanish mirror - deferred to future phase
https://www.wellsfargo.com/es/help/checking-savings/foreign-currency-faqs/,/es/help/checking-savings/foreign-currency-faqs/,T6 Help/FAQ,Default,Default ES,Default ES,ES,No (Deferred),Future,4,-,Deferred to ES migration phase,"Tabs, Accordion, contact-info, Cards, Disclaimers",Spanish mirror - deferred to future phase
https://www.wellsfargo.com/es/help/checking-savings/monthly-service-fees-faqs/,/es/help/checking-savings/monthly-service-fees-faqs/,T6 Help/FAQ,Default,Default ES,Default ES,ES,No (Deferred),Future,4,-,Deferred to ES migration phase,"Tabs, Accordion, contact-info, Cards, Disclaimers",Spanish mirror - deferred to future phase
https://www.wellsfargo.com/es/help/checking-savings/open-close-account-faqs/,/es/help/checking-savings/open-close-account-faqs/,T6 Help/FAQ,Default,Default ES,Default ES,ES,No (Deferred),Future,4,-,Deferred to ES migration phase,"Tabs, Accordion, contact-info, Cards, Disclaimers",Spanish mirror - deferred to future phase
https://www.wellsfargo.com/es/help/checking-savings/safe-box-terms/,/es/help/checking-savings/safe-box-terms/,T6 Help/FAQ,Default,Default ES,Default ES,ES,No (Deferred),Future,4,-,Deferred to ES migration phase,"Tabs, Accordion, contact-info, Cards, Disclaimers",Spanish mirror - deferred to future phase
https://www.wellsfargo.com/es/help/contact-us/,/es/help/contact-us/,T6 Help/FAQ,Default,Default ES,Default ES,ES,No (Deferred),Future,4,-,Deferred to ES migration phase,"Tabs, Accordion, contact-info, Cards, Disclaimers",Spanish mirror - deferred to future phase
https://www.wellsfargo.com/es/help/credit-cards/,/es/help/credit-cards/,T6 Help/FAQ,Default,Default ES,Default ES,ES,No (Deferred),Future,4,-,Deferred to ES migration phase,"Tabs, Accordion, contact-info, Cards, Disclaimers",Spanish mirror - deferred to future phase
https://www.wellsfargo.com/es/help/credit-cards/credit-card-alerts-faqs/,/es/help/credit-cards/credit-card-alerts-faqs/,T6 Help/FAQ,Default,Default ES,Default ES,ES,No (Deferred),Future,4,-,Deferred to ES migration phase,"Tabs, Accordion, contact-info, Cards, Disclaimers",Spanish mirror - deferred to future phase
https://www.wellsfargo.com/es/help/customer-relief-services/,/es/help/customer-relief-services/,T6 Help/FAQ,Default,Default ES,Default ES,ES,No (Deferred),Future,4,-,Deferred to ES migration phase,"Tabs, Accordion, contact-info, Cards, Disclaimers",Spanish mirror - deferred to future phase
https://www.wellsfargo.com/es/help/electronic-communications/,/es/help/electronic-communications/,T6 Help/FAQ,Default,Default ES,Default ES,ES,No (Deferred),Future,4,-,Deferred to ES migration phase,"Tabs, Accordion, contact-info, Cards, Disclaimers",Spanish mirror - deferred to future phase
https://www.wellsfargo.com/es/help/emergency-contacts/,/es/help/emergency-contacts/,T6 Help/FAQ,Default,Default ES,Default ES,ES,No (Deferred),Future,4,-,Deferred to ES migration phase,"Tabs, Accordion, contact-info, Cards, Disclaimers",Spanish mirror - deferred to future phase
https://www.wellsfargo.com/es/help/estate-care-center/,/es/help/estate-care-center/,T6 Help/FAQ,Default,Default ES,Default ES,ES,No (Deferred),Future,4,-,Deferred to ES migration phase,"Tabs, Accordion, contact-info, Cards, Disclaimers",Spanish mirror - deferred to future phase
https://www.wellsfargo.com/es/help/expresssend-mobile-faqs/,/es/help/expresssend-mobile-faqs/,T6 Help/FAQ,Default,Default ES,Default ES,ES,No (Deferred),Future,4,-,Deferred to ES migration phase,"Tabs, Accordion, contact-info, Cards, Disclaimers",Spanish mirror - deferred to future phase
https://www.wellsfargo.com/es/help/home-lending/,/es/help/home-lending/,T6 Help/FAQ,Default,Default ES,Default ES,ES,No (Deferred),Future,4,-,Deferred to ES migration phase,"Tabs, Accordion, contact-info, Cards, Disclaimers",Spanish mirror - deferred to future phase
https://www.wellsfargo.com/es/help/investing-and-retirement/,/es/help/investing-and-retirement/,T6 Help/FAQ,Default,Default ES,Default ES,ES,No (Deferred),Future,4,-,Deferred to ES migration phase,"Tabs, Accordion, contact-info, Cards, Disclaimers",Spanish mirror - deferred to future phase
https://www.wellsfargo.com/es/help/investing/,/es/help/investing/,T6 Help/FAQ,Default,Default ES,Default ES,ES,No (Deferred),Future,4,-,Deferred to ES migration phase,"Tabs, Accordion, contact-info, Cards, Disclaimers",Spanish mirror - deferred to future phase
https://www.wellsfargo.com/es/help/loans/,/es/help/loans/,T6 Help/FAQ,Default,Default ES,Default ES,ES,No (Deferred),Future,4,-,Deferred to ES migration phase,"Tabs, Accordion, contact-info, Cards, Disclaimers",Spanish mirror - deferred to future phase
https://www.wellsfargo.com/es/help/loans/personal-loan-faqs/,/es/help/loans/personal-loan-faqs/,T6 Help/FAQ,Default,Default ES,Default ES,ES,No (Deferred),Future,4,-,Deferred to ES migration phase,"Tabs, Accordion, contact-info, Cards, Disclaimers",Spanish mirror - deferred to future phase
https://www.wellsfargo.com/es/help/locations/,/es/help/locations/,T6 Help/FAQ,Default,Default ES,Default ES,ES,No (Deferred),Future,4,-,Deferred to ES migration phase,"Tabs, Accordion, contact-info, Cards, Disclaimers",Spanish mirror - deferred to future phase
https://www.wellsfargo.com/es/help/make-an-appointment-faqs/,/es/help/make-an-appointment-faqs/,T6 Help/FAQ,Default,Default ES,Default ES,ES,No (Deferred),Future,4,-,Deferred to ES migration phase,"Tabs, Accordion, contact-info, Cards, Disclaimers",Spanish mirror - deferred to future phase
https://www.wellsfargo.com/es/help/mobile-features/,/es/help/mobile-features/,T6 Help/FAQ,Default,Default ES,Default ES,ES,No (Deferred),Future,4,-,Deferred to ES migration phase,"Tabs, Accordion, contact-info, Cards, Disclaimers",Spanish mirror - deferred to future phase
https://www.wellsfargo.com/es/help/mobile-features/apple-pay-faqs/,/es/help/mobile-features/apple-pay-faqs/,T6 Help/FAQ,Default,Default ES,Default ES,ES,No (Deferred),Future,4,-,Deferred to ES migration phase,"Tabs, Accordion, contact-info, Cards, Disclaimers",Spanish mirror - deferred to future phase
https://www.wellsfargo.com/es/help/mobile-features/apps-faqs/,/es/help/mobile-features/apps-faqs/,T6 Help/FAQ,Default,Default ES,Default ES,ES,No (Deferred),Future,4,-,Deferred to ES migration phase,"Tabs, Accordion, contact-info, Cards, Disclaimers",Spanish mirror - deferred to future phase
https://www.wellsfargo.com/es/help/mobile-features/mobile-deposit-faqs/,/es/help/mobile-features/mobile-deposit-faqs/,T6 Help/FAQ,Default,Default ES,Default ES,ES,No (Deferred),Future,4,-,Deferred to ES migration phase,"Tabs, Accordion, contact-info, Cards, Disclaimers",Spanish mirror - deferred to future phase
https://www.wellsfargo.com/es/help/mobile-features/paypal-faqs/,/es/help/mobile-features/paypal-faqs/,T6 Help/FAQ,Default,Default ES,Default ES,ES,No (Deferred),Future,4,-,Deferred to ES migration phase,"Tabs, Accordion, contact-info, Cards, Disclaimers",Spanish mirror - deferred to future phase
https://www.wellsfargo.com/es/help/mobile-features/paze-faqs/,/es/help/mobile-features/paze-faqs/,T6 Help/FAQ,Default,Default ES,Default ES,ES,No (Deferred),Future,4,-,Deferred to ES migration phase,"Tabs, Accordion, contact-info, Cards, Disclaimers",Spanish mirror - deferred to future phase
https://www.wellsfargo.com/es/help/mobile-features/push-notification-faqs/,/es/help/mobile-features/push-notification-faqs/,T6 Help/FAQ,Default,Default ES,Default ES,ES,No (Deferred),Future,4,-,Deferred to ES migration phase,"Tabs, Accordion, contact-info, Cards, Disclaimers",Spanish mirror - deferred to future phase
https://www.wellsfargo.com/es/help/mobile-features/samsung-pay-faqs/,/es/help/mobile-features/samsung-pay-faqs/,T6 Help/FAQ,Default,Default ES,Default ES,ES,No (Deferred),Future,4,-,Deferred to ES migration phase,"Tabs, Accordion, contact-info, Cards, Disclaimers",Spanish mirror - deferred to future phase
https://www.wellsfargo.com/es/help/mobile-features/text-banking-faqs/,/es/help/mobile-features/text-banking-faqs/,T6 Help/FAQ,Default,Default ES,Default ES,ES,No (Deferred),Future,4,-,Deferred to ES migration phase,"Tabs, Accordion, contact-info, Cards, Disclaimers",Spanish mirror - deferred to future phase
https://www.wellsfargo.com/es/help/mobile-features/text-messages-faqs/,/es/help/mobile-features/text-messages-faqs/,T6 Help/FAQ,Default,Default ES,Default ES,ES,No (Deferred),Future,4,-,Deferred to ES migration phase,"Tabs, Accordion, contact-info, Cards, Disclaimers",Spanish mirror - deferred to future phase
https://www.wellsfargo.com/es/help/online-banking/,/es/help/online-banking/,T6 Help/FAQ,Default,Default ES,Default ES,ES,No (Deferred),Future,4,-,Deferred to ES migration phase,"Tabs, Accordion, contact-info, Cards, Disclaimers",Spanish mirror - deferred to future phase
https://www.wellsfargo.com/es/help/online-banking/card-controls-faqs/,/es/help/online-banking/card-controls-faqs/,T6 Help/FAQ,Default,Default ES,Default ES,ES,No (Deferred),Future,4,-,Deferred to ES migration phase,"Tabs, Accordion, contact-info, Cards, Disclaimers",Spanish mirror - deferred to future phase
https://www.wellsfargo.com/es/help/online-banking/instant-payments-faqs/,/es/help/online-banking/instant-payments-faqs/,T6 Help/FAQ,Default,Default ES,Default ES,ES,No (Deferred),Future,4,-,Deferred to ES migration phase,"Tabs, Accordion, contact-info, Cards, Disclaimers",Spanish mirror - deferred to future phase
https://www.wellsfargo.com/es/help/online-banking/troubleshoot-faqs/,/es/help/online-banking/troubleshoot-faqs/,T6 Help/FAQ,Default,Default ES,Default ES,ES,No (Deferred),Future,4,-,Deferred to ES migration phase,"Tabs, Accordion, contact-info, Cards, Disclaimers",Spanish mirror - deferred to future phase
https://www.wellsfargo.com/es/help/questions-concerns/confirm/,/es/help/questions-concerns/confirm/,T6 Help/FAQ,Default,Default ES,Default ES,ES,No (Deferred),Future,4,-,Deferred to ES migration phase,"Tabs, Accordion, contact-info, Cards, Disclaimers",Spanish mirror - deferred to future phase
https://www.wellsfargo.com/es/help/rates/,/es/help/rates/,T6 Help/FAQ,Default,Default ES,Default ES,ES,No (Deferred),Future,4,-,Deferred to ES migration phase,"Tabs, Accordion, contact-info, Cards, Disclaimers",Spanish mirror - deferred to future phase
https://www.wellsfargo.com/es/help/secure-email/,/es/help/secure-email/,T6 Help/FAQ,Default,Default ES,Default ES,ES,No (Deferred),Future,4,-,Deferred to ES migration phase,"Tabs, Accordion, contact-info, Cards, Disclaimers",Spanish mirror - deferred to future phase
https://www.wellsfargo.com/es/help/security-and-fraud/,/es/help/security-and-fraud/,T6 Help/FAQ,Default,Default ES,Default ES,ES,No (Deferred),Future,4,-,Deferred to ES migration phase,"Tabs, Accordion, contact-info, Cards, Disclaimers",Spanish mirror - deferred to future phase
https://www.wellsfargo.com/es/international-remittances/,/es/international-remittances/,T12 Privacy/Legal/Utility,Default,Default ES,Default ES,ES,No (Deferred),Future,13,-,Deferred to ES migration phase,"Default content, Table, Columns, Disclaimers",Spanish mirror - deferred to future phase
https://www.wellsfargo.com/es/international-remittances/asia/,/es/international-remittances/asia/,T12 Privacy/Legal/Utility,Default,Default ES,Default ES,ES,No (Deferred),Future,13,-,Deferred to ES migration phase,"Default content, Table, Columns, Disclaimers",Spanish mirror - deferred to future phase
https://www.wellsfargo.com/es/international-remittances/central-america-caribbean/,/es/international-remittances/central-america-caribbean/,T12 Privacy/Legal/Utility,Default,Default ES,Default ES,ES,No (Deferred),Future,13,-,Deferred to ES migration phase,"Default content, Table, Columns, Disclaimers",Spanish mirror - deferred to future phase
https://www.wellsfargo.com/es/international-remittances/cost-estimator/,/es/international-remittances/cost-estimator/,T12 Privacy/Legal/Utility,Default,Default ES,Default ES,ES,No (Deferred),Future,13,-,Deferred to ES migration phase,"Default content, Table, Columns, Disclaimers",Spanish mirror - deferred to future phase
https://www.wellsfargo.com/es/international-remittances/limits/,/es/international-remittances/limits/,T12 Privacy/Legal/Utility,Default,Default ES,Default ES,ES,No (Deferred),Future,13,-,Deferred to ES migration phase,"Default content, Table, Columns, Disclaimers",Spanish mirror - deferred to future phase
https://www.wellsfargo.com/es/international-remittances/mexico/,/es/international-remittances/mexico/,T12 Privacy/Legal/Utility,Default,Default ES,Default ES,ES,No (Deferred),Future,13,-,Deferred to ES migration phase,"Default content, Table, Columns, Disclaimers",Spanish mirror - deferred to future phase
https://www.wellsfargo.com/es/international-remittances/remittance-network-members/,/es/international-remittances/remittance-network-members/,T12 Privacy/Legal/Utility,Default,Default ES,Default ES,ES,No (Deferred),Future,13,-,Deferred to ES migration phase,"Default content, Table, Columns, Disclaimers",Spanish mirror - deferred to future phase
https://www.wellsfargo.com/es/international-remittances/senders-rights/,/es/international-remittances/senders-rights/,T12 Privacy/Legal/Utility,Default,Default ES,Default ES,ES,No (Deferred),Future,13,-,Deferred to ES migration phase,"Default content, Table, Columns, Disclaimers",Spanish mirror - deferred to future phase
https://www.wellsfargo.com/es/locator/_includes/out-of-range-information-content/,/es/locator/_includes/out-of-range-information-content/,Excluded (Utility),Default,Default ES,Default ES,ES,No,Excluded,14,-,-,-,Utility/redirect page - excluded
https://www.wellsfargo.com/es/military/prepare-for-deployment/,/es/military/prepare-for-deployment/,T12 Privacy/Legal/Utility,Default,Default ES,Default ES,ES,No (Deferred),Future,13,-,Deferred to ES migration phase,"Default content, Table, Columns, Disclaimers",Spanish mirror - deferred to future phase
https://www.wellsfargo.com/es/military/voice-verification/,/es/military/voice-verification/,T12 Privacy/Legal/Utility,Default,Default ES,Default ES,ES,No (Deferred),Future,13,-,Deferred to ES migration phase,"Default content, Table, Columns, Disclaimers",Spanish mirror - deferred to future phase
https://www.wellsfargo.com/es/mobile-online-banking/,/es/mobile-online-banking/,T2 L1 Product Landing,Default,Default ES,Default ES,ES,No (Deferred),Future,2,-,Deferred to ES migration phase,"Hero, Tabs, product-comparison, Accordion, help-cta, Disclaimers",Spanish mirror - deferred to future phase
https://www.wellsfargo.com/es/mobile-online-banking/alerts/,/es/mobile-online-banking/alerts/,T3 Product Detail,Default,Default ES,Default ES,ES,No (Deferred),Future,3,-,Deferred to ES migration phase,"Hero, Cards, Table, Accordion, help-cta, Disclaimers",Spanish mirror - deferred to future phase
https://www.wellsfargo.com/es/mobile-online-banking/apps/,/es/mobile-online-banking/apps/,T3 Product Detail,Default,Default ES,Default ES,ES,No (Deferred),Future,3,-,Deferred to ES migration phase,"Hero, Cards, Table, Accordion, help-cta, Disclaimers",Spanish mirror - deferred to future phase
https://www.wellsfargo.com/es/mobile-online-banking/financial-tools-services/,/es/mobile-online-banking/financial-tools-services/,T3 Product Detail,Default,Default ES,Default ES,ES,No (Deferred),Future,3,-,Deferred to ES migration phase,"Hero, Cards, Table, Accordion, help-cta, Disclaimers",Spanish mirror - deferred to future phase
https://www.wellsfargo.com/es/mobile-online-banking/lifesync/,/es/mobile-online-banking/lifesync/,T3 Product Detail,Default,Default ES,Default ES,ES,No (Deferred),Future,3,-,Deferred to ES migration phase,"Hero, Cards, Table, Accordion, help-cta, Disclaimers",Spanish mirror - deferred to future phase
https://www.wellsfargo.com/es/mobile-online-banking/manage-accounts/,/es/mobile-online-banking/manage-accounts/,T3 Product Detail,Default,Default ES,Default ES,ES,No (Deferred),Future,3,-,Deferred to ES migration phase,"Hero, Cards, Table, Accordion, help-cta, Disclaimers",Spanish mirror - deferred to future phase
https://www.wellsfargo.com/es/mobile-online-banking/schedule/,/es/mobile-online-banking/schedule/,T3 Product Detail,Default,Default ES,Default ES,ES,No (Deferred),Future,3,-,Deferred to ES migration phase,"Hero, Cards, Table, Accordion, help-cta, Disclaimers",Spanish mirror - deferred to future phase
https://www.wellsfargo.com/es/mobile-online-banking/service-fees/,/es/mobile-online-banking/service-fees/,T3 Product Detail,Default,Default ES,Default ES,ES,No (Deferred),Future,3,-,Deferred to ES migration phase,"Hero, Cards, Table, Accordion, help-cta, Disclaimers",Spanish mirror - deferred to future phase
https://www.wellsfargo.com/es/mobile-online-banking/transfer-pay/,/es/mobile-online-banking/transfer-pay/,T3 Product Detail,Default,Default ES,Default ES,ES,No (Deferred),Future,3,-,Deferred to ES migration phase,"Hero, Cards, Table, Accordion, help-cta, Disclaimers",Spanish mirror - deferred to future phase
https://www.wellsfargo.com/es/mobile-online-banking/transfer-pay/digital-wallet/,/es/mobile-online-banking/transfer-pay/digital-wallet/,T3 Product Detail,Default,Default ES,Default ES,ES,No (Deferred),Future,3,-,Deferred to ES migration phase,"Hero, Cards, Table, Accordion, help-cta, Disclaimers",Spanish mirror - deferred to future phase
https://www.wellsfargo.com/es/mobile-online-banking/transfer-pay/digital-wallet/paze/,/es/mobile-online-banking/transfer-pay/digital-wallet/paze/,T3 Product Detail,Default,Default ES,Default ES,ES,No (Deferred),Future,3,-,Deferred to ES migration phase,"Hero, Cards, Table, Accordion, help-cta, Disclaimers",Spanish mirror - deferred to future phase
https://www.wellsfargo.com/es/mobile-online-banking/updates/,/es/mobile-online-banking/updates/,T3 Product Detail,Default,Default ES,Default ES,ES,No (Deferred),Future,3,-,Deferred to ES migration phase,"Hero, Cards, Table, Accordion, help-cta, Disclaimers",Spanish mirror - deferred to future phase
https://www.wellsfargo.com/es/mobile/tap-access/,/es/mobile/tap-access/,T12 Privacy/Legal/Utility,Default,Default ES,Default ES,ES,No (Deferred),Future,13,-,Deferred to ES migration phase,"Default content, Table, Columns, Disclaimers",Spanish mirror - deferred to future phase
https://www.wellsfargo.com/es/mobile/tap-access/contactless-card/,/es/mobile/tap-access/contactless-card/,T12 Privacy/Legal/Utility,Default,Default ES,Default ES,ES,No (Deferred),Future,13,-,Deferred to ES migration phase,"Default content, Table, Columns, Disclaimers",Spanish mirror - deferred to future phase
https://www.wellsfargo.com/es/mortgage/,/es/mortgage/,T2 L1 Product Landing,Default,Default ES,Default ES,ES,No (Deferred),Future,2,-,Deferred to ES migration phase,"Hero, Tabs, product-comparison, Accordion, help-cta, Disclaimers",Spanish mirror - deferred to future phase
https://www.wellsfargo.com/es/mortgage/buying-a-house/,/es/mortgage/buying-a-house/,T3 Product Detail,Default,Default ES,Default ES,ES,No (Deferred),Future,3,-,Deferred to ES migration phase,"Hero, Cards, Table, Accordion, help-cta, Disclaimers",Spanish mirror - deferred to future phase
https://www.wellsfargo.com/es/mortgage/buying-a-house/affordable-options/,/es/mortgage/buying-a-house/affordable-options/,T3 Product Detail,Default,Default ES,Default ES,ES,No (Deferred),Future,3,-,Deferred to ES migration phase,"Hero, Cards, Table, Accordion, help-cta, Disclaimers",Spanish mirror - deferred to future phase
https://www.wellsfargo.com/es/mortgage/buying-a-house/first-time-home-buyer/,/es/mortgage/buying-a-house/first-time-home-buyer/,T3 Product Detail,Default,Default ES,Default ES,ES,No (Deferred),Future,3,-,Deferred to ES migration phase,"Hero, Cards, Table, Accordion, help-cta, Disclaimers",Spanish mirror - deferred to future phase
https://www.wellsfargo.com/es/mortgage/faqs/,/es/mortgage/faqs/,T3 Product Detail,Default,Default ES,Default ES,ES,No (Deferred),Future,3,-,Deferred to ES migration phase,"Hero, Cards, Table, Accordion, help-cta, Disclaimers",Spanish mirror - deferred to future phase
https://www.wellsfargo.com/es/mortgage/manage-account/,/es/mortgage/manage-account/,T3 Product Detail,Default,Default ES,Default ES,ES,No (Deferred),Future,3,-,Deferred to ES migration phase,"Hero, Cards, Table, Accordion, help-cta, Disclaimers",Spanish mirror - deferred to future phase
https://www.wellsfargo.com/es/mortgage/manage-account/disaster-recovery/,/es/mortgage/manage-account/disaster-recovery/,T3 Product Detail,Default,Default ES,Default ES,ES,No (Deferred),Future,3,-,Deferred to ES migration phase,"Hero, Cards, Table, Accordion, help-cta, Disclaimers",Spanish mirror - deferred to future phase
https://www.wellsfargo.com/es/mortgage/manage-account/maturing-mortgage/,/es/mortgage/manage-account/maturing-mortgage/,T3 Product Detail,Default,Default ES,Default ES,ES,No (Deferred),Future,3,-,Deferred to ES migration phase,"Hero, Cards, Table, Accordion, help-cta, Disclaimers",Spanish mirror - deferred to future phase
https://www.wellsfargo.com/es/mortgage/manage-account/payment-help/,/es/mortgage/manage-account/payment-help/,T3 Product Detail,Default,Default ES,Default ES,ES,No (Deferred),Future,3,-,Deferred to ES migration phase,"Hero, Cards, Table, Accordion, help-cta, Disclaimers",Spanish mirror - deferred to future phase
https://www.wellsfargo.com/es/mortgage/manage-account/payment-help/homeowner-assistance-fund/,/es/mortgage/manage-account/payment-help/homeowner-assistance-fund/,T3 Product Detail,Default,Default ES,Default ES,ES,No (Deferred),Future,3,-,Deferred to ES migration phase,"Hero, Cards, Table, Accordion, help-cta, Disclaimers",Spanish mirror - deferred to future phase
https://www.wellsfargo.com/es/mortgage/manage-account/payment-help/mortgage-assistance-application/,/es/mortgage/manage-account/payment-help/mortgage-assistance-application/,T3 Product Detail,Default,Default ES,Default ES,ES,No (Deferred),Future,3,-,Deferred to ES migration phase,"Hero, Cards, Table, Accordion, help-cta, Disclaimers",Spanish mirror - deferred to future phase
https://www.wellsfargo.com/es/mortgage/mortgage-refinance/,/es/mortgage/mortgage-refinance/,T3 Product Detail,Default,Default ES,Default ES,ES,No (Deferred),Future,3,-,Deferred to ES migration phase,"Hero, Cards, Table, Accordion, help-cta, Disclaimers",Spanish mirror - deferred to future phase
https://www.wellsfargo.com/es/mortgage/mortgage-refinance/cash-out-refinance/,/es/mortgage/mortgage-refinance/cash-out-refinance/,T3 Product Detail,Default,Default ES,Default ES,ES,No (Deferred),Future,3,-,Deferred to ES migration phase,"Hero, Cards, Table, Accordion, help-cta, Disclaimers",Spanish mirror - deferred to future phase
https://www.wellsfargo.com/es/mortgage/rates-mobile/,/es/mortgage/rates-mobile/,T3 Product Detail,Default,Default ES,Default ES,ES,No (Deferred),Future,3,-,Deferred to ES migration phase,"Hero, Cards, Table, Accordion, help-cta, Disclaimers",Spanish mirror - deferred to future phase
https://www.wellsfargo.com/es/online-banking/biometric/,/es/online-banking/biometric/,T3 Product Detail,Default,Default ES,Default ES,ES,No (Deferred),Future,3,-,Deferred to ES migration phase,"Hero, Cards, Table, Accordion, help-cta, Disclaimers",Spanish mirror - deferred to future phase
https://www.wellsfargo.com/es/online-banking/manage-accounts/card-controls/,/es/online-banking/manage-accounts/card-controls/,T3 Product Detail,Default,Default ES,Default ES,ES,No (Deferred),Future,3,-,Deferred to ES migration phase,"Hero, Cards, Table, Accordion, help-cta, Disclaimers",Spanish mirror - deferred to future phase
https://www.wellsfargo.com/es/online-banking/private-banking-consumer-deposits-disclosure/,/es/online-banking/private-banking-consumer-deposits-disclosure/,T3 Product Detail,Default,Default ES,Default ES,ES,No (Deferred),Future,3,-,Deferred to ES migration phase,"Hero, Cards, Table, Accordion, help-cta, Disclaimers",Spanish mirror - deferred to future phase
https://www.wellsfargo.com/es/online-banking/transfer-pay/comparison-chart/,/es/online-banking/transfer-pay/comparison-chart/,T3 Product Detail,Default,Default ES,Default ES,ES,No (Deferred),Future,3,-,Deferred to ES migration phase,"Hero, Cards, Table, Accordion, help-cta, Disclaimers",Spanish mirror - deferred to future phase
https://www.wellsfargo.com/es/online-banking/transfers/zelle-terms-upcoming/,/es/online-banking/transfers/zelle-terms-upcoming/,T3 Product Detail,Default,Default ES,Default ES,ES,No (Deferred),Future,3,-,Deferred to ES migration phase,"Hero, Cards, Table, Accordion, help-cta, Disclaimers",Spanish mirror - deferred to future phase
https://www.wellsfargo.com/es/online-banking/transfers/zelle-terms/,/es/online-banking/transfers/zelle-terms/,T3 Product Detail,Default,Default ES,Default ES,ES,No (Deferred),Future,3,-,Deferred to ES migration phase,"Hero, Cards, Table, Accordion, help-cta, Disclaimers",Spanish mirror - deferred to future phase
https://www.wellsfargo.com/es/online-banking/wires/,/es/online-banking/wires/,T3 Product Detail,Default,Default ES,Default ES,ES,No (Deferred),Future,3,-,Deferred to ES migration phase,"Hero, Cards, Table, Accordion, help-cta, Disclaimers",Spanish mirror - deferred to future phase
https://www.wellsfargo.com/es/online-banking/zelle/,/es/online-banking/zelle/,T3 Product Detail,Default,Default ES,Default ES,ES,No (Deferred),Future,3,-,Deferred to ES migration phase,"Hero, Cards, Table, Accordion, help-cta, Disclaimers",Spanish mirror - deferred to future phase
https://www.wellsfargo.com/es/online-banking/zelle/donate/,/es/online-banking/zelle/donate/,T3 Product Detail,Default,Default ES,Default ES,ES,No (Deferred),Future,3,-,Deferred to ES migration phase,"Hero, Cards, Table, Accordion, help-cta, Disclaimers",Spanish mirror - deferred to future phase
https://www.wellsfargo.com/es/online-banking/zelle/get-started/,/es/online-banking/zelle/get-started/,T3 Product Detail,Default,Default ES,Default ES,ES,No (Deferred),Future,3,-,Deferred to ES migration phase,"Hero, Cards, Table, Accordion, help-cta, Disclaimers",Spanish mirror - deferred to future phase
https://www.wellsfargo.com/es/personal-loans/debt-consolidation-calculator/,/es/personal-loans/debt-consolidation-calculator/,T3 Product Detail (Calculator Stub),Default,Default ES,Default ES,ES,No (Deferred),Future,3,-,Deferred to ES migration phase,"Hero, Cards, Table, Accordion, help-cta, Disclaimers",Calculator page - stub with link to live tool
https://www.wellsfargo.com/es/personal-loans/personal-loan-calculator/,/es/personal-loans/personal-loan-calculator/,T3 Product Detail (Calculator Stub),Default,Default ES,Default ES,ES,No (Deferred),Future,3,-,Deferred to ES migration phase,"Hero, Cards, Table, Accordion, help-cta, Disclaimers",Calculator page - stub with link to live tool
https://www.wellsfargo.com/es/premier/,/es/premier/,T2 L1 Product Landing,Default,Default ES,Default ES,ES,No (Deferred),Future,2,-,Deferred to ES migration phase,"Hero, Tabs, product-comparison, Accordion, help-cta, Disclaimers",Spanish mirror - deferred to future phase
https://www.wellsfargo.com/es/privacy-security/,/es/privacy-security/,T12 Privacy/Legal/Utility,Default,Default ES,Default ES,ES,No (Deferred),Future,13,-,Deferred to ES migration phase,"Default content, Table, Columns, Disclaimers",Spanish mirror - deferred to future phase
https://www.wellsfargo.com/es/privacy-security/account-verification-terms-and-conditions/,/es/privacy-security/account-verification-terms-and-conditions/,T12 Privacy/Legal/Utility,Default,Default ES,Default ES,ES,No (Deferred),Future,13,-,Deferred to ES migration phase,"Default content, Table, Columns, Disclaimers",Spanish mirror - deferred to future phase
https://www.wellsfargo.com/es/privacy-security/address-confidentiality/,/es/privacy-security/address-confidentiality/,T12 Privacy/Legal/Utility,Default,Default ES,Default ES,ES,No (Deferred),Future,13,-,Deferred to ES migration phase,"Default content, Table, Columns, Disclaimers",Spanish mirror - deferred to future phase
https://www.wellsfargo.com/es/privacy-security/california-consumer-privacy-notice/annual-disclosure/,/es/privacy-security/california-consumer-privacy-notice/annual-disclosure/,T12 Privacy/Legal/Utility,Default,Default ES,Default ES,ES,No (Deferred),Future,13,-,Deferred to ES migration phase,"Default content, Table, Columns, Disclaimers",Spanish mirror - deferred to future phase
https://www.wellsfargo.com/es/privacy-security/esign-consent/,/es/privacy-security/esign-consent/,T12 Privacy/Legal/Utility,Default,Default ES,Default ES,ES,No (Deferred),Future,13,-,Deferred to ES migration phase,"Default content, Table, Columns, Disclaimers",Spanish mirror - deferred to future phase
https://www.wellsfargo.com/es/privacy-security/fico-agreement/,/es/privacy-security/fico-agreement/,T12 Privacy/Legal/Utility,Default,Default ES,Default ES,ES,No (Deferred),Future,13,-,Deferred to ES migration phase,"Default content, Table, Columns, Disclaimers",Spanish mirror - deferred to future phase
https://www.wellsfargo.com/es/privacy-security/fraud/,/es/privacy-security/fraud/,T12 Privacy/Legal/Utility,Default,Default ES,Default ES,ES,No (Deferred),Future,13,-,Deferred to ES migration phase,"Default content, Table, Columns, Disclaimers",Spanish mirror - deferred to future phase
https://www.wellsfargo.com/es/privacy-security/fraud/articles/,/es/privacy-security/fraud/articles/,T7 Security/Fraud Center,Default,Default ES,Default ES,ES,No (Deferred),Future,12,-,Deferred to ES migration phase,"Callout, Cards, Tabs, Fragment, Disclaimers",Spanish mirror - deferred to future phase
https://www.wellsfargo.com/es/privacy-security/fraud/articles/data-breach-security/,/es/privacy-security/fraud/articles/data-breach-security/,T7 Security/Fraud Center,Default,Default ES,Default ES,ES,No (Deferred),Future,12,-,Deferred to ES migration phase,"Callout, Cards, Tabs, Fragment, Disclaimers",Spanish mirror - deferred to future phase
https://www.wellsfargo.com/es/privacy-security/fraud/articles/mobile-banking-safety/,/es/privacy-security/fraud/articles/mobile-banking-safety/,T7 Security/Fraud Center,Default,Default ES,Default ES,ES,No (Deferred),Future,12,-,Deferred to ES migration phase,"Callout, Cards, Tabs, Fragment, Disclaimers",Spanish mirror - deferred to future phase
https://www.wellsfargo.com/es/privacy-security/fraud/articles/safety-tips-wire-transfers/,/es/privacy-security/fraud/articles/safety-tips-wire-transfers/,T7 Security/Fraud Center,Default,Default ES,Default ES,ES,No (Deferred),Future,12,-,Deferred to ES migration phase,"Callout, Cards, Tabs, Fragment, Disclaimers",Spanish mirror - deferred to future phase
https://www.wellsfargo.com/es/privacy-security/fraud/articles/travel-tips/,/es/privacy-security/fraud/articles/travel-tips/,T7 Security/Fraud Center,Default,Default ES,Default ES,ES,No (Deferred),Future,12,-,Deferred to ES migration phase,"Callout, Cards, Tabs, Fragment, Disclaimers",Spanish mirror - deferred to future phase
https://www.wellsfargo.com/es/privacy-security/fraud/articles/two-factor-authentication/,/es/privacy-security/fraud/articles/two-factor-authentication/,T7 Security/Fraud Center,Default,Default ES,Default ES,ES,No (Deferred),Future,12,-,Deferred to ES migration phase,"Callout, Cards, Tabs, Fragment, Disclaimers",Spanish mirror - deferred to future phase
https://www.wellsfargo.com/es/privacy-security/fraud/bank-scams/,/es/privacy-security/fraud/bank-scams/,T7 Security/Fraud Center,Default,Default ES,Default ES,ES,No (Deferred),Future,12,-,Deferred to ES migration phase,"Callout, Cards, Tabs, Fragment, Disclaimers",Spanish mirror - deferred to future phase
https://www.wellsfargo.com/es/privacy-security/fraud/bank-scams/bank-imposter/,/es/privacy-security/fraud/bank-scams/bank-imposter/,T7 Security/Fraud Center,Default,Default ES,Default ES,ES,No (Deferred),Future,12,-,Deferred to ES migration phase,"Callout, Cards, Tabs, Fragment, Disclaimers",Spanish mirror - deferred to future phase
https://www.wellsfargo.com/es/privacy-security/fraud/bank-scams/elder-financial-scams/,/es/privacy-security/fraud/bank-scams/elder-financial-scams/,T7 Security/Fraud Center,Default,Default ES,Default ES,ES,No (Deferred),Future,12,-,Deferred to ES migration phase,"Callout, Cards, Tabs, Fragment, Disclaimers",Spanish mirror - deferred to future phase
https://www.wellsfargo.com/es/privacy-security/fraud/bank-scams/fake-check-scams/,/es/privacy-security/fraud/bank-scams/fake-check-scams/,T7 Security/Fraud Center,Default,Default ES,Default ES,ES,No (Deferred),Future,12,-,Deferred to ES migration phase,"Callout, Cards, Tabs, Fragment, Disclaimers",Spanish mirror - deferred to future phase
https://www.wellsfargo.com/es/privacy-security/fraud/bank-scams/online-payment-scams/,/es/privacy-security/fraud/bank-scams/online-payment-scams/,T7 Security/Fraud Center,Default,Default ES,Default ES,ES,No (Deferred),Future,12,-,Deferred to ES migration phase,"Callout, Cards, Tabs, Fragment, Disclaimers",Spanish mirror - deferred to future phase
https://www.wellsfargo.com/es/privacy-security/fraud/bank-scams/online-shopping-scams/,/es/privacy-security/fraud/bank-scams/online-shopping-scams/,T7 Security/Fraud Center,Default,Default ES,Default ES,ES,No (Deferred),Future,12,-,Deferred to ES migration phase,"Callout, Cards, Tabs, Fragment, Disclaimers",Spanish mirror - deferred to future phase
https://www.wellsfargo.com/es/privacy-security/fraud/bank-scams/social-media-scams/,/es/privacy-security/fraud/bank-scams/social-media-scams/,T7 Security/Fraud Center,Default,Default ES,Default ES,ES,No (Deferred),Future,12,-,Deferred to ES migration phase,"Callout, Cards, Tabs, Fragment, Disclaimers",Spanish mirror - deferred to future phase
https://www.wellsfargo.com/es/privacy-security/fraud/bank-scams/tax-scams/,/es/privacy-security/fraud/bank-scams/tax-scams/,T7 Security/Fraud Center,Default,Default ES,Default ES,ES,No (Deferred),Future,12,-,Deferred to ES migration phase,"Callout, Cards, Tabs, Fragment, Disclaimers",Spanish mirror - deferred to future phase
https://www.wellsfargo.com/es/privacy-security/fraud/bank-scams/tech-support/,/es/privacy-security/fraud/bank-scams/tech-support/,T7 Security/Fraud Center,Default,Default ES,Default ES,ES,No (Deferred),Future,12,-,Deferred to ES migration phase,"Callout, Cards, Tabs, Fragment, Disclaimers",Spanish mirror - deferred to future phase
https://www.wellsfargo.com/es/privacy-security/fraud/protect/fraud-tips/,/es/privacy-security/fraud/protect/fraud-tips/,T7 Security/Fraud Center,Default,Default ES,Default ES,ES,No (Deferred),Future,12,-,Deferred to ES migration phase,"Callout, Cards, Tabs, Fragment, Disclaimers",Spanish mirror - deferred to future phase
https://www.wellsfargo.com/es/privacy-security/fraud/protecting-you/,/es/privacy-security/fraud/protecting-you/,T7 Security/Fraud Center,Default,Default ES,Default ES,ES,No (Deferred),Future,12,-,Deferred to ES migration phase,"Callout, Cards, Tabs, Fragment, Disclaimers",Spanish mirror - deferred to future phase
https://www.wellsfargo.com/es/privacy-security/fraud/report/,/es/privacy-security/fraud/report/,T7 Security/Fraud Center,Default,Default ES,Default ES,ES,No (Deferred),Future,12,-,Deferred to ES migration phase,"Callout, Cards, Tabs, Fragment, Disclaimers",Spanish mirror - deferred to future phase
https://www.wellsfargo.com/es/privacy-security/fraud/report/identity-theft/,/es/privacy-security/fraud/report/identity-theft/,T7 Security/Fraud Center,Default,Default ES,Default ES,ES,No (Deferred),Future,12,-,Deferred to ES migration phase,"Callout, Cards, Tabs, Fragment, Disclaimers",Spanish mirror - deferred to future phase
https://www.wellsfargo.com/es/privacy-security/fraud/report/phish/,/es/privacy-security/fraud/report/phish/,T7 Security/Fraud Center,Default,Default ES,Default ES,ES,No (Deferred),Future,12,-,Deferred to ES migration phase,"Callout, Cards, Tabs, Fragment, Disclaimers",Spanish mirror - deferred to future phase
https://www.wellsfargo.com/es/privacy-security/fraud/responsible-disclosure-program/,/es/privacy-security/fraud/responsible-disclosure-program/,T7 Security/Fraud Center,Default,Default ES,Default ES,ES,No (Deferred),Future,12,-,Deferred to ES migration phase,"Callout, Cards, Tabs, Fragment, Disclaimers",Spanish mirror - deferred to future phase
https://www.wellsfargo.com/es/privacy-security/fraud/security-tools-and-options/,/es/privacy-security/fraud/security-tools-and-options/,T7 Security/Fraud Center,Default,Default ES,Default ES,ES,No (Deferred),Future,12,-,Deferred to ES migration phase,"Callout, Cards, Tabs, Fragment, Disclaimers",Spanish mirror - deferred to future phase
https://www.wellsfargo.com/es/privacy-security/online/,/es/privacy-security/online/,T12 Privacy/Legal/Utility,Default,Default ES,Default ES,ES,No (Deferred),Future,13,-,Deferred to ES migration phase,"Default content, Table, Columns, Disclaimers",Spanish mirror - deferred to future phase
https://www.wellsfargo.com/es/privacy-security/opt-out-notice/,/es/privacy-security/opt-out-notice/,T12 Privacy/Legal/Utility,Default,Default ES,Default ES,ES,No (Deferred),Future,13,-,Deferred to ES migration phase,"Default content, Table, Columns, Disclaimers",Spanish mirror - deferred to future phase
https://www.wellsfargo.com/es/privacy-security/terms/dmca-notice/,/es/privacy-security/terms/dmca-notice/,T12 Privacy/Legal/Utility,Default,Default ES,Default ES,ES,No (Deferred),Future,13,-,Deferred to ES migration phase,"Default content, Table, Columns, Disclaimers",Spanish mirror - deferred to future phase
https://www.wellsfargo.com/es/privacy-security/voice-verification/,/es/privacy-security/voice-verification/,T12 Privacy/Legal/Utility,Default,Default ES,Default ES,ES,No (Deferred),Future,13,-,Deferred to ES migration phase,"Default content, Table, Columns, Disclaimers",Spanish mirror - deferred to future phase
https://www.wellsfargo.com/es/rewards/,/es/rewards/,T4 L2 Category Hub,Default,Default ES,Default ES,ES,No (Deferred),Future,10,-,Deferred to ES migration phase,"Hero, Cards, Columns, Accordion, App Promo, Disclaimers",Spanish mirror - deferred to future phase
https://www.wellsfargo.com/es/savings-cds/,/es/savings-cds/,T2 L1 Product Landing,Default,Default ES,Default ES,ES,No (Deferred),Future,2,-,Deferred to ES migration phase,"Hero, Tabs, product-comparison, Accordion, help-cta, Disclaimers",Spanish mirror - deferred to future phase
https://www.wellsfargo.com/es/savings-cds/certificate-of-deposit/,/es/savings-cds/certificate-of-deposit/,T3 Product Detail,Default,Default ES,Default ES,ES,No (Deferred),Future,3,-,Deferred to ES migration phase,"Hero, Cards, Table, Accordion, help-cta, Disclaimers",Spanish mirror - deferred to future phase
https://www.wellsfargo.com/es/savings-cds/kids-account-ownership-options/,/es/savings-cds/kids-account-ownership-options/,T3 Product Detail,Default,Default ES,Default ES,ES,No (Deferred),Future,3,-,Deferred to ES migration phase,"Hero, Cards, Table, Accordion, help-cta, Disclaimers",Spanish mirror - deferred to future phase
https://www.wellsfargo.com/es/savings-cds/kids/,/es/savings-cds/kids/,T3 Product Detail,Default,Default ES,Default ES,ES,No (Deferred),Future,3,-,Deferred to ES migration phase,"Hero, Cards, Table, Accordion, help-cta, Disclaimers",Spanish mirror - deferred to future phase
https://www.wellsfargo.com/es/savings-cds/platinum/,/es/savings-cds/platinum/,T3 Product Detail,Default,Default ES,Default ES,ES,No (Deferred),Future,3,-,Deferred to ES migration phase,"Hero, Cards, Table, Accordion, help-cta, Disclaimers",Spanish mirror - deferred to future phase
https://www.wellsfargo.com/es/savings-cds/platinum/identification-required-to-open/,/es/savings-cds/platinum/identification-required-to-open/,T3 Product Detail,Default,Default ES,Default ES,ES,No (Deferred),Future,3,-,Deferred to ES migration phase,"Hero, Cards, Table, Accordion, help-cta, Disclaimers",Spanish mirror - deferred to future phase
https://www.wellsfargo.com/es/savings-cds/rates/,/es/savings-cds/rates/,T3 Product Detail,Default,Default ES,Default ES,ES,No (Deferred),Future,3,-,Deferred to ES migration phase,"Hero, Cards, Table, Accordion, help-cta, Disclaimers",Spanish mirror - deferred to future phase
https://www.wellsfargo.com/es/savings-cds/test/Copy_2_of_index/,/es/savings-cds/test/Copy_2_of_index/,Excluded (Test),Default,Default ES,Default ES,ES,No,Excluded,14,-,-,-,Test page - excluded
https://www.wellsfargo.com/es/savings-cds/test/Copy_of_index/,/es/savings-cds/test/Copy_of_index/,Excluded (Test),Default,Default ES,Default ES,ES,No,Excluded,14,-,-,-,Test page - excluded
https://www.wellsfargo.com/es/savings-cds/way2save/,/es/savings-cds/way2save/,T3 Product Detail,Default,Default ES,Default ES,ES,No (Deferred),Future,3,-,Deferred to ES migration phase,"Hero, Cards, Table, Accordion, help-cta, Disclaimers",Spanish mirror - deferred to future phase
https://www.wellsfargo.com/es/savings-cds/way2save/identification-required-to-open/,/es/savings-cds/way2save/identification-required-to-open/,T3 Product Detail,Default,Default ES,Default ES,ES,No (Deferred),Future,3,-,Deferred to ES migration phase,"Hero, Cards, Table, Accordion, help-cta, Disclaimers",Spanish mirror - deferred to future phase
https://www.wellsfargo.com/es/sitemap/,/es/sitemap/,Excluded (Utility),Default,Default ES,Default ES,ES,No,Excluded,14,-,-,-,Sitemap page - excluded
https://www.wellsfargo.com/es/testBCP1/,/es/testBCP1/,Excluded (Test),Default,Default ES,Default ES,ES,No,Excluded,14,-,-,-,Test/dev page - excluded
https://www.wellsfargo.com/financial-assistance/,/financial-assistance/,T4 L2 Category Hub,Default,Default,Default,EN,Yes,Phase 1,10,Gate 3 (Bulk Import),"Import, Style, Validate","Hero, Cards, Columns, Accordion, App Promo, Disclaimers",
https://www.wellsfargo.com/financial-assistance/budgeting-resources/,/financial-assistance/budgeting-resources/,T4 L2 Category Hub,Default,Default,Default,EN,Yes,Phase 1,10,Gate 3 (Bulk Import),"Import, Style, Validate","Hero, Cards, Columns, Accordion, App Promo, Disclaimers",
https://www.wellsfargo.com/financial-assistance/financial-resources/,/financial-assistance/financial-resources/,T4 L2 Category Hub,Default,Default,Default,EN,Yes,Phase 1,10,Gate 3 (Bulk Import),"Import, Style, Validate","Hero, Cards, Columns, Accordion, App Promo, Disclaimers",
https://www.wellsfargo.com/financial-assistance/payment-relief-options/,/financial-assistance/payment-relief-options/,T4 L2 Category Hub,Default,Default,Default,EN,Yes,Phase 1,10,Gate 3 (Bulk Import),"Import, Style, Validate","Hero, Cards, Columns, Accordion, App Promo, Disclaimers",
https://www.wellsfargo.com/financial-assistance/simplify-payments/,/financial-assistance/simplify-payments/,T4 L2 Category Hub,Default,Default,Default,EN,Yes,Phase 1,10,Gate 3 (Bulk Import),"Import, Style, Validate","Hero, Cards, Columns, Accordion, App Promo, Disclaimers",
https://www.wellsfargo.com/financial-education/basic-finances/build-the-future/short-long-term-planning/budget-vs-financial-plan/,/financial-education/basic-finances/build-the-future/short-long-term-planning/budget-vs-financial-plan/,T5 Education Article,Default,Default,Default,EN,Yes,Phase 1,11,Gate 3 (Bulk Import),"Import, Style, Validate","Default content, Cards, Help Sidebar, Disclaimers",
https://www.wellsfargo.com/financial-education/basic-finances/build-the-future/short-long-term-planning/financial-plan/,/financial-education/basic-finances/build-the-future/short-long-term-planning/financial-plan/,T5 Education Article,Default,Default,Default,EN,Yes,Phase 1,11,Gate 3 (Bulk Import),"Import, Style, Validate","Default content, Cards, Help Sidebar, Disclaimers",
https://www.wellsfargo.com/financial-education/basic-finances/financial-challenges/income/cant-pay-loans/,/financial-education/basic-finances/financial-challenges/income/cant-pay-loans/,T5 Education Article,Default,Default,Default,EN,Yes,Phase 1,11,Gate 3 (Bulk Import),"Import, Style, Validate","Default content, Cards, Help Sidebar, Disclaimers",
https://www.wellsfargo.com/financial-education/basic-finances/manage-money/cashflow-savings/emergencies/,/financial-education/basic-finances/manage-money/cashflow-savings/emergencies/,T5 Education Article,Default,Default,Default,EN,Yes,Phase 1,11,Gate 2 (Validation Batch),"Import, Style, Validate","Default content, Cards, Help Sidebar, Disclaimers",
https://www.wellsfargo.com/financial-education/basic-finances/manage-money/cashflow-savings/pay-yourself-first/,/financial-education/basic-finances/manage-money/cashflow-savings/pay-yourself-first/,T5 Education Article,Default,Default,Default,EN,Yes,Phase 1,11,Gate 3 (Bulk Import),"Import, Style, Validate","Default content, Cards, Help Sidebar, Disclaimers",
https://www.wellsfargo.com/financial-education/basic-finances/manage-money/cashflow-savings/track-spending/,/financial-education/basic-finances/manage-money/cashflow-savings/track-spending/,T5 Education Article,Default,Default,Default,EN,Yes,Phase 1,11,Gate 3 (Bulk Import),"Import, Style, Validate","Default content, Cards, Help Sidebar, Disclaimers",
https://www.wellsfargo.com/financial-education/basic-finances/manage-money/payments/ins-outs-transfers/,/financial-education/basic-finances/manage-money/payments/ins-outs-transfers/,T5 Education Article,Default,Default,Default,EN,Yes,Phase 1,11,Gate 3 (Bulk Import),"Import, Style, Validate","Default content, Cards, Help Sidebar, Disclaimers",
https://www.wellsfargo.com/financial-education/basic-finances/manage-money/payments/what-is-zelle/,/financial-education/basic-finances/manage-money/payments/what-is-zelle/,T5 Education Article,Default,Default,Default,EN,Yes,Phase 1,11,Gate 3 (Bulk Import),"Import, Style, Validate","Default content, Cards, Help Sidebar, Disclaimers",
https://www.wellsfargo.com/financial-education/basic-finances/manage-money/relationships-finances/financial-questions-new-couples/,/financial-education/basic-finances/manage-money/relationships-finances/financial-questions-new-couples/,T5 Education Article,Default,Default,Default,EN,Yes,Phase 1,11,Gate 3 (Bulk Import),"Import, Style, Validate","Default content, Cards, Help Sidebar, Disclaimers",
https://www.wellsfargo.com/financial-goals/borrow/,/financial-goals/borrow/,T4 L2 Category Hub,Default,Default,Default,EN,Yes,Phase 1,10,Gate 3 (Bulk Import),"Import, Style, Validate","Hero, Cards, Columns, Accordion, App Promo, Disclaimers",
https://www.wellsfargo.com/financial-goals/protect/,/financial-goals/protect/,T4 L2 Category Hub,Default,Default,Default,EN,Yes,Phase 1,10,Gate 3 (Bulk Import),"Import, Style, Validate","Hero, Cards, Columns, Accordion, App Promo, Disclaimers",
https://www.wellsfargo.com/financial-goals/save/,/financial-goals/save/,T4 L2 Category Hub,Default,Default,Default,EN,Yes,Phase 1,10,Gate 2 (Validation Batch),"Import, Style, Validate","Hero, Cards, Columns, Accordion, App Promo, Disclaimers",
https://www.wellsfargo.com/financial-health/credit-and-debt/,/financial-health/credit-and-debt/,T4 L2 Category Hub,Default,Default,Default,EN,Yes,Phase 1,10,Gate 3 (Bulk Import),"Import, Style, Validate","Hero, Cards, Columns, Accordion, App Promo, Disclaimers",
https://www.wellsfargo.com/financial-health/investing-and-retirement/,/financial-health/investing-and-retirement/,T4 L2 Category Hub,Default,Default,Default,EN,Yes,Phase 1,10,Gate 3 (Bulk Import),"Import, Style, Validate","Hero, Cards, Columns, Accordion, App Promo, Disclaimers",
https://www.wellsfargo.com/financial-health/tools/,/financial-health/tools/,T4 L2 Category Hub,Default,Default,Default,EN,Yes,Phase 1,10,Gate 3 (Bulk Import),"Import, Style, Validate","Hero, Cards, Columns, Accordion, App Promo, Disclaimers",
https://www.wellsfargo.com/foreign-exchange/euro-countries/,/foreign-exchange/euro-countries/,T12 Privacy/Legal/Utility,Default,Default,Default,EN,Yes,Phase 1,13,Gate 2 (Validation Batch),"Import, Style, Validate","Default content, Table, Columns, Disclaimers",
https://www.wellsfargo.com/foreign-exchange/international-tips/,/foreign-exchange/international-tips/,T12 Privacy/Legal/Utility,Default,Default,Default,EN,Yes,Phase 1,13,Gate 3 (Bulk Import),"Import, Style, Validate","Default content, Table, Columns, Disclaimers",
https://www.wellsfargo.com/goals-banking-made-easy/travel-tips/,/goals-banking-made-easy/travel-tips/,T5 Education Article,Default,Default,Default,EN,Yes,Phase 1,11,Gate 3 (Bulk Import),"Import, Style, Validate","Default content, Cards, Help Sidebar, Disclaimers",
https://www.wellsfargo.com/goals-credit/compare-borrowing-options/,/goals-credit/compare-borrowing-options/,T5 Education Article,Default,Default,Default,EN,Yes,Phase 1,11,Gate 3 (Bulk Import),"Import, Style, Validate","Default content, Cards, Help Sidebar, Disclaimers",
https://www.wellsfargo.com/goals-credit/debt-to-income-calculator/,/goals-credit/debt-to-income-calculator/,T5 Education Article,Default,Default,Default,EN,Yes,Phase 1,11,Gate 3 (Bulk Import),"Import, Style, Validate","Default content, Cards, Help Sidebar, Disclaimers",
https://www.wellsfargo.com/goals-credit/smarter-credit/credit-101/,/goals-credit/smarter-credit/credit-101/,T5 Education Article,Default,Default,Default,EN,Yes,Phase 1,11,Gate 1 (Representative),"Import, Style, Validate","Default content, Cards, Help Sidebar, Disclaimers",
https://www.wellsfargo.com/goals-credit/smarter-credit/credit-101/debt-to-income-ratio/,/goals-credit/smarter-credit/credit-101/debt-to-income-ratio/,T5 Education Article,Default,Default,Default,EN,Yes,Phase 1,11,Gate 3 (Bulk Import),"Import, Style, Validate","Default content, Cards, Help Sidebar, Disclaimers",
https://www.wellsfargo.com/goals-credit/smarter-credit/credit-101/debt-to-income-ratio/dti-faqs/,/goals-credit/smarter-credit/credit-101/debt-to-income-ratio/dti-faqs/,T5 Education Article,Default,Default,Default,EN,Yes,Phase 1,11,Gate 3 (Bulk Import),"Import, Style, Validate","Default content, Cards, Help Sidebar, Disclaimers",
https://www.wellsfargo.com/goals-credit/smarter-credit/credit-101/debt-to-income-ratio/understanding-dti/,/goals-credit/smarter-credit/credit-101/debt-to-income-ratio/understanding-dti/,T5 Education Article,Default,Default,Default,EN,Yes,Phase 1,11,Gate 3 (Bulk Import),"Import, Style, Validate","Default content, Cards, Help Sidebar, Disclaimers",
https://www.wellsfargo.com/goals-credit/smarter-credit/credit-101/fico/,/goals-credit/smarter-credit/credit-101/fico/,T5 Education Article,Default,Default,Default,EN,Yes,Phase 1,11,Gate 3 (Bulk Import),"Import, Style, Validate","Default content, Cards, Help Sidebar, Disclaimers",
https://www.wellsfargo.com/goals-credit/smarter-credit/credit-101/getting-a-loan/,/goals-credit/smarter-credit/credit-101/getting-a-loan/,T5 Education Article,Default,Default,Default,EN,Yes,Phase 1,11,Gate 3 (Bulk Import),"Import, Style, Validate","Default content, Cards, Help Sidebar, Disclaimers",
https://www.wellsfargo.com/goals-credit/smarter-credit/credit-101/why-so-many-credit-scores/,/goals-credit/smarter-credit/credit-101/why-so-many-credit-scores/,T5 Education Article,Default,Default,Default,EN,Yes,Phase 1,11,Gate 3 (Bulk Import),"Import, Style, Validate","Default content, Cards, Help Sidebar, Disclaimers",
https://www.wellsfargo.com/goals-credit/smarter-credit/establish-credit/build-your-credit/,/goals-credit/smarter-credit/establish-credit/build-your-credit/,T5 Education Article,Default,Default,Default,EN,Yes,Phase 1,11,Gate 3 (Bulk Import),"Import, Style, Validate","Default content, Cards, Help Sidebar, Disclaimers",
https://www.wellsfargo.com/goals-credit/smarter-credit/establish-credit/first-credit-account/,/goals-credit/smarter-credit/establish-credit/first-credit-account/,T5 Education Article,Default,Default,Default,EN,Yes,Phase 1,11,Gate 3 (Bulk Import),"Import, Style, Validate","Default content, Cards, Help Sidebar, Disclaimers",
https://www.wellsfargo.com/goals-credit/smarter-credit/establish-credit/how-to-build-credit-when-new-to-the-US/,/goals-credit/smarter-credit/establish-credit/how-to-build-credit-when-new-to-the-US/,T5 Education Article,Default,Default,Default,EN,Yes,Phase 1,11,Gate 3 (Bulk Import),"Import, Style, Validate","Default content, Cards, Help Sidebar, Disclaimers",
https://www.wellsfargo.com/goals-credit/smarter-credit/help/,/goals-credit/smarter-credit/help/,T5 Education Article,Default,Default,Default,EN,Yes,Phase 1,11,Gate 3 (Bulk Import),"Import, Style, Validate","Default content, Cards, Help Sidebar, Disclaimers",
https://www.wellsfargo.com/goals-credit/smarter-credit/improve-credit/,/goals-credit/smarter-credit/improve-credit/,T5 Education Article,Default,Default,Default,EN,Yes,Phase 1,11,Gate 2 (Validation Batch),"Import, Style, Validate","Default content, Cards, Help Sidebar, Disclaimers",
https://www.wellsfargo.com/goals-credit/smarter-credit/improve-credit/good-credit-habits/,/goals-credit/smarter-credit/improve-credit/good-credit-habits/,T5 Education Article,Default,Default,Default,EN,Yes,Phase 1,11,Gate 3 (Bulk Import),"Import, Style, Validate","Default content, Cards, Help Sidebar, Disclaimers",
https://www.wellsfargo.com/goals-credit/smarter-credit/improve-credit/good-to-great/,/goals-credit/smarter-credit/improve-credit/good-to-great/,T5 Education Article,Default,Default,Default,EN,Yes,Phase 1,11,Gate 3 (Bulk Import),"Import, Style, Validate","Default content, Cards, Help Sidebar, Disclaimers",
https://www.wellsfargo.com/goals-credit/smarter-credit/improve-credit/rebuild-credit/,/goals-credit/smarter-credit/improve-credit/rebuild-credit/,T5 Education Article,Default,Default,Default,EN,Yes,Phase 1,11,Gate 3 (Bulk Import),"Import, Style, Validate","Default content, Cards, Help Sidebar, Disclaimers",
https://www.wellsfargo.com/goals-credit/smarter-credit/manage-your-debt/,/goals-credit/smarter-credit/manage-your-debt/,T5 Education Article,Default,Default,Default,EN,Yes,Phase 1,11,Gate 2 (Validation Batch),"Import, Style, Validate","Default content, Cards, Help Sidebar, Disclaimers",
https://www.wellsfargo.com/goals-credit/smarter-credit/manage-your-debt/difficulty-making-payments/,/goals-credit/smarter-credit/manage-your-debt/difficulty-making-payments/,T5 Education Article,Default,Default,Default,EN,Yes,Phase 1,11,Gate 3 (Bulk Import),"Import, Style, Validate","Default content, Cards, Help Sidebar, Disclaimers",
https://www.wellsfargo.com/goals-credit/smarter-credit/manage-your-debt/lower-monthly-payments/,/goals-credit/smarter-credit/manage-your-debt/lower-monthly-payments/,T5 Education Article,Default,Default,Default,EN,Yes,Phase 1,11,Gate 3 (Bulk Import),"Import, Style, Validate","Default content, Cards, Help Sidebar, Disclaimers",
https://www.wellsfargo.com/goals-credit/smarter-credit/manage-your-debt/pay-off-debt-faster/,/goals-credit/smarter-credit/manage-your-debt/pay-off-debt-faster/,T5 Education Article,Default,Default,Default,EN,Yes,Phase 1,11,Gate 3 (Bulk Import),"Import, Style, Validate","Default content, Cards, Help Sidebar, Disclaimers",
https://www.wellsfargo.com/goals-credit/smarter-credit/manage-your-debt/snowball-vs-avalanche-paydown/,/goals-credit/smarter-credit/manage-your-debt/snowball-vs-avalanche-paydown/,T5 Education Article,Default,Default,Default,EN,Yes,Phase 1,11,Gate 3 (Bulk Import),"Import, Style, Validate","Default content, Cards, Help Sidebar, Disclaimers",
https://www.wellsfargo.com/goals-investing/your-investing-style/,/goals-investing/your-investing-style/,T5 Education Article,Default,Default,Default,EN,Yes,Phase 1,11,Gate 3 (Bulk Import),"Import, Style, Validate","Default content, Cards, Help Sidebar, Disclaimers",
https://www.wellsfargo.com/help/addresses/,/help/addresses/,T6 Help/FAQ,Default,Default,Default,EN,Yes,Phase 1,4,Gate 3 (Bulk Import),"Import, Style, Validate","Tabs, Accordion, contact-info, Cards, Disclaimers",
https://www.wellsfargo.com/help/application-status-faqs/,/help/application-status-faqs/,T6 Help/FAQ,Default,Default,Default,EN,Yes,Phase 1,4,Gate 3 (Bulk Import),"Import, Style, Validate","Tabs, Accordion, contact-info, Cards, Disclaimers",
https://www.wellsfargo.com/help/applications-faqs/,/help/applications-faqs/,T6 Help/FAQ,Default,Default,Default,EN,Yes,Phase 1,4,Gate 3 (Bulk Import),"Import, Style, Validate","Tabs, Accordion, contact-info, Cards, Disclaimers",
https://www.wellsfargo.com/help/apply-investment/,/help/apply-investment/,T6 Help/FAQ,Default,Default,Default,EN,Yes,Phase 1,4,Gate 3 (Bulk Import),"Import, Style, Validate","Tabs, Accordion, contact-info, Cards, Disclaimers",
https://www.wellsfargo.com/help/checking-savings/,/help/checking-savings/,T6 Help/FAQ,Default,Default,Default,EN,Yes,Phase 1,4,Gate 1 (Representative),"Import, Style, Validate","Tabs, Accordion, contact-info, Cards, Disclaimers",
https://www.wellsfargo.com/help/checking-savings/fees-faqs/,/help/checking-savings/fees-faqs/,T6 Help/FAQ,Default,Default,Default,EN,Yes,Phase 1,4,Gate 3 (Bulk Import),"Import, Style, Validate","Tabs, Accordion, contact-info, Cards, Disclaimers",
https://www.wellsfargo.com/help/checking-savings/foreign-currency-faqs/,/help/checking-savings/foreign-currency-faqs/,T6 Help/FAQ,Default,Default,Default,EN,Yes,Phase 1,4,Gate 3 (Bulk Import),"Import, Style, Validate","Tabs, Accordion, contact-info, Cards, Disclaimers",
https://www.wellsfargo.com/help/checking-savings/monthly-service-fees-faqs/,/help/checking-savings/monthly-service-fees-faqs/,T6 Help/FAQ,Default,Default,Default,EN,Yes,Phase 1,4,Gate 3 (Bulk Import),"Import, Style, Validate","Tabs, Accordion, contact-info, Cards, Disclaimers",
https://www.wellsfargo.com/help/checking-savings/open-close-account-faqs/,/help/checking-savings/open-close-account-faqs/,T6 Help/FAQ,Default,Default,Default,EN,Yes,Phase 1,4,Gate 3 (Bulk Import),"Import, Style, Validate","Tabs, Accordion, contact-info, Cards, Disclaimers",
https://www.wellsfargo.com/help/checking-savings/safe-box-terms/,/help/checking-savings/safe-box-terms/,T6 Help/FAQ,Default,Default,Default,EN,Yes,Phase 1,4,Gate 3 (Bulk Import),"Import, Style, Validate","Tabs, Accordion, contact-info, Cards, Disclaimers",
https://www.wellsfargo.com/help/contact-us/,/help/contact-us/,T6 Help/FAQ,Default,Default,Default,EN,Yes,Phase 1,4,Gate 3 (Bulk Import),"Import, Style, Validate","Tabs, Accordion, contact-info, Cards, Disclaimers",
https://www.wellsfargo.com/help/credit-cards/,/help/credit-cards/,T6 Help/FAQ,Default,Default,Default,EN,Yes,Phase 1,4,Gate 2 (Validation Batch),"Import, Style, Validate","Tabs, Accordion, contact-info, Cards, Disclaimers",
https://www.wellsfargo.com/help/credit-cards/credit-card-alerts-faqs/,/help/credit-cards/credit-card-alerts-faqs/,T6 Help/FAQ,Default,Default,Default,EN,Yes,Phase 1,4,Gate 3 (Bulk Import),"Import, Style, Validate","Tabs, Accordion, contact-info, Cards, Disclaimers",
https://www.wellsfargo.com/help/customer-relief-services/,/help/customer-relief-services/,T6 Help/FAQ,Default,Default,Default,EN,Yes,Phase 1,4,Gate 3 (Bulk Import),"Import, Style, Validate","Tabs, Accordion, contact-info, Cards, Disclaimers",
https://www.wellsfargo.com/help/electronic-communications/,/help/electronic-communications/,T6 Help/FAQ,Default,Default,Default,EN,Yes,Phase 1,4,Gate 3 (Bulk Import),"Import, Style, Validate","Tabs, Accordion, contact-info, Cards, Disclaimers",
https://www.wellsfargo.com/help/emergency-contacts/,/help/emergency-contacts/,T6 Help/FAQ,Default,Default,Default,EN,Yes,Phase 1,4,Gate 3 (Bulk Import),"Import, Style, Validate","Tabs, Accordion, contact-info, Cards, Disclaimers",
https://www.wellsfargo.com/help/estate-care-center/,/help/estate-care-center/,T6 Help/FAQ,Default,Default,Default,EN,Yes,Phase 1,4,Gate 3 (Bulk Import),"Import, Style, Validate","Tabs, Accordion, contact-info, Cards, Disclaimers",
https://www.wellsfargo.com/help/expresssend-mobile-faqs/,/help/expresssend-mobile-faqs/,T6 Help/FAQ,Default,Default,Default,EN,Yes,Phase 1,4,Gate 3 (Bulk Import),"Import, Style, Validate","Tabs, Accordion, contact-info, Cards, Disclaimers",
https://www.wellsfargo.com/help/home-lending/,/help/home-lending/,T6 Help/FAQ,Default,Default,Default,EN,Yes,Phase 1,4,Gate 2 (Validation Batch),"Import, Style, Validate","Tabs, Accordion, contact-info, Cards, Disclaimers",
https://www.wellsfargo.com/help/investing-and-retirement/,/help/investing-and-retirement/,T6 Help/FAQ,Default,Default,Default,EN,Yes,Phase 1,4,Gate 3 (Bulk Import),"Import, Style, Validate","Tabs, Accordion, contact-info, Cards, Disclaimers",
https://www.wellsfargo.com/help/investing/,/help/investing/,T6 Help/FAQ,Default,Default,Default,EN,Yes,Phase 1,4,Gate 3 (Bulk Import),"Import, Style, Validate","Tabs, Accordion, contact-info, Cards, Disclaimers",
https://www.wellsfargo.com/help/loans/,/help/loans/,T6 Help/FAQ,Default,Default,Default,EN,Yes,Phase 1,4,Gate 3 (Bulk Import),"Import, Style, Validate","Tabs, Accordion, contact-info, Cards, Disclaimers",
https://www.wellsfargo.com/help/loans/personal-loan-faqs/,/help/loans/personal-loan-faqs/,T6 Help/FAQ,Default,Default,Default,EN,Yes,Phase 1,4,Gate 3 (Bulk Import),"Import, Style, Validate","Tabs, Accordion, contact-info, Cards, Disclaimers",
https://www.wellsfargo.com/help/locations/,/help/locations/,T6 Help/FAQ,Default,Default,Default,EN,Yes,Phase 1,4,Gate 3 (Bulk Import),"Import, Style, Validate","Tabs, Accordion, contact-info, Cards, Disclaimers",
https://www.wellsfargo.com/help/make-an-appointment-faqs/,/help/make-an-appointment-faqs/,T6 Help/FAQ,Default,Default,Default,EN,Yes,Phase 1,4,Gate 3 (Bulk Import),"Import, Style, Validate","Tabs, Accordion, contact-info, Cards, Disclaimers",
https://www.wellsfargo.com/help/mobile-features/,/help/mobile-features/,T6 Help/FAQ,Default,Default,Default,EN,Yes,Phase 1,4,Gate 2 (Validation Batch),"Import, Style, Validate","Tabs, Accordion, contact-info, Cards, Disclaimers",
https://www.wellsfargo.com/help/mobile-features/apple-pay-faqs/,/help/mobile-features/apple-pay-faqs/,T6 Help/FAQ,Default,Default,Default,EN,Yes,Phase 1,4,Gate 3 (Bulk Import),"Import, Style, Validate","Tabs, Accordion, contact-info, Cards, Disclaimers",
https://www.wellsfargo.com/help/mobile-features/apps-faqs/,/help/mobile-features/apps-faqs/,T6 Help/FAQ,Default,Default,Default,EN,Yes,Phase 1,4,Gate 3 (Bulk Import),"Import, Style, Validate","Tabs, Accordion, contact-info, Cards, Disclaimers",
https://www.wellsfargo.com/help/mobile-features/mobile-deposit-faqs/,/help/mobile-features/mobile-deposit-faqs/,T6 Help/FAQ,Default,Default,Default,EN,Yes,Phase 1,4,Gate 3 (Bulk Import),"Import, Style, Validate","Tabs, Accordion, contact-info, Cards, Disclaimers",
https://www.wellsfargo.com/help/mobile-features/paypal-faqs/,/help/mobile-features/paypal-faqs/,T6 Help/FAQ,Default,Default,Default,EN,Yes,Phase 1,4,Gate 3 (Bulk Import),"Import, Style, Validate","Tabs, Accordion, contact-info, Cards, Disclaimers",
https://www.wellsfargo.com/help/mobile-features/paze-faqs/,/help/mobile-features/paze-faqs/,T6 Help/FAQ,Default,Default,Default,EN,Yes,Phase 1,4,Gate 3 (Bulk Import),"Import, Style, Validate","Tabs, Accordion, contact-info, Cards, Disclaimers",
https://www.wellsfargo.com/help/mobile-features/push-notification-faqs/,/help/mobile-features/push-notification-faqs/,T6 Help/FAQ,Default,Default,Default,EN,Yes,Phase 1,4,Gate 3 (Bulk Import),"Import, Style, Validate","Tabs, Accordion, contact-info, Cards, Disclaimers",
https://www.wellsfargo.com/help/mobile-features/samsung-pay-faqs/,/help/mobile-features/samsung-pay-faqs/,T6 Help/FAQ,Default,Default,Default,EN,Yes,Phase 1,4,Gate 3 (Bulk Import),"Import, Style, Validate","Tabs, Accordion, contact-info, Cards, Disclaimers",
https://www.wellsfargo.com/help/mobile-features/text-banking-faqs/,/help/mobile-features/text-banking-faqs/,T6 Help/FAQ,Default,Default,Default,EN,Yes,Phase 1,4,Gate 3 (Bulk Import),"Import, Style, Validate","Tabs, Accordion, contact-info, Cards, Disclaimers",
https://www.wellsfargo.com/help/mobile-features/text-messages-faqs/,/help/mobile-features/text-messages-faqs/,T6 Help/FAQ,Default,Default,Default,EN,Yes,Phase 1,4,Gate 3 (Bulk Import),"Import, Style, Validate","Tabs, Accordion, contact-info, Cards, Disclaimers",
https://www.wellsfargo.com/help/online-banking/,/help/online-banking/,T6 Help/FAQ,Default,Default,Default,EN,Yes,Phase 1,4,Gate 2 (Validation Batch),"Import, Style, Validate","Tabs, Accordion, contact-info, Cards, Disclaimers",
https://www.wellsfargo.com/help/online-banking/card-controls-faqs/,/help/online-banking/card-controls-faqs/,T6 Help/FAQ,Default,Default,Default,EN,Yes,Phase 1,4,Gate 3 (Bulk Import),"Import, Style, Validate","Tabs, Accordion, contact-info, Cards, Disclaimers",
https://www.wellsfargo.com/help/online-banking/instant-payments-faqs/,/help/online-banking/instant-payments-faqs/,T6 Help/FAQ,Default,Default,Default,EN,Yes,Phase 1,4,Gate 3 (Bulk Import),"Import, Style, Validate","Tabs, Accordion, contact-info, Cards, Disclaimers",
https://www.wellsfargo.com/help/online-banking/troubleshoot-faqs/,/help/online-banking/troubleshoot-faqs/,T6 Help/FAQ,Default,Default,Default,EN,Yes,Phase 1,4,Gate 3 (Bulk Import),"Import, Style, Validate","Tabs, Accordion, contact-info, Cards, Disclaimers",
https://www.wellsfargo.com/help/questions-concerns/confirm/,/help/questions-concerns/confirm/,T6 Help/FAQ,Default,Default,Default,EN,Yes,Phase 1,4,Gate 3 (Bulk Import),"Import, Style, Validate","Tabs, Accordion, contact-info, Cards, Disclaimers",
https://www.wellsfargo.com/help/rates/,/help/rates/,T6 Help/FAQ,Default,Default,Default,EN,Yes,Phase 1,4,Gate 3 (Bulk Import),"Import, Style, Validate","Tabs, Accordion, contact-info, Cards, Disclaimers",
https://www.wellsfargo.com/help/secure-email/,/help/secure-email/,T6 Help/FAQ,Default,Default,Default,EN,Yes,Phase 1,4,Gate 3 (Bulk Import),"Import, Style, Validate","Tabs, Accordion, contact-info, Cards, Disclaimers",
https://www.wellsfargo.com/help/security-and-fraud/,/help/security-and-fraud/,T6 Help/FAQ,Default,Default,Default,EN,Yes,Phase 1,4,Gate 2 (Validation Batch),"Import, Style, Validate","Tabs, Accordion, contact-info, Cards, Disclaimers",
https://www.wellsfargo.com/help/security-and-fraud/biometric-faqs/,/help/security-and-fraud/biometric-faqs/,T6 Help/FAQ,Default,Default,Default,EN,Yes,Phase 1,4,Gate 3 (Bulk Import),"Import, Style, Validate","Tabs, Accordion, contact-info, Cards, Disclaimers",
https://www.wellsfargo.com/help/security-and-fraud/passkey-faqs/,/help/security-and-fraud/passkey-faqs/,T6 Help/FAQ,Default,Default,Default,EN,Yes,Phase 1,4,Gate 3 (Bulk Import),"Import, Style, Validate","Tabs, Accordion, contact-info, Cards, Disclaimers",
https://www.wellsfargo.com/international-remittances/asia/,/international-remittances/asia/,T12 Privacy/Legal/Utility,Default,Default,Default,EN,Yes,Phase 1,13,Gate 3 (Bulk Import),"Import, Style, Validate","Default content, Table, Columns, Disclaimers",
https://www.wellsfargo.com/international-remittances/central-america-caribbean/,/international-remittances/central-america-caribbean/,T12 Privacy/Legal/Utility,Default,Default,Default,EN,Yes,Phase 1,13,Gate 3 (Bulk Import),"Import, Style, Validate","Default content, Table, Columns, Disclaimers",
https://www.wellsfargo.com/international-remittances/cost-estimator/,/international-remittances/cost-estimator/,T12 Privacy/Legal/Utility,Default,Default,Default,EN,Yes,Phase 1,13,Gate 3 (Bulk Import),"Import, Style, Validate","Default content, Table, Columns, Disclaimers",
https://www.wellsfargo.com/international-remittances/limits/,/international-remittances/limits/,T12 Privacy/Legal/Utility,Default,Default,Default,EN,Yes,Phase 1,13,Gate 3 (Bulk Import),"Import, Style, Validate","Default content, Table, Columns, Disclaimers",
https://www.wellsfargo.com/international-remittances/mexico/,/international-remittances/mexico/,T12 Privacy/Legal/Utility,Default,Default,Default,EN,Yes,Phase 1,13,Gate 2 (Validation Batch),"Import, Style, Validate","Default content, Table, Columns, Disclaimers",
https://www.wellsfargo.com/international-remittances/remittance-network-members/,/international-remittances/remittance-network-members/,T12 Privacy/Legal/Utility,Default,Default,Default,EN,Yes,Phase 1,13,Gate 3 (Bulk Import),"Import, Style, Validate","Default content, Table, Columns, Disclaimers",
https://www.wellsfargo.com/international-remittances/senders-rights/,/international-remittances/senders-rights/,T12 Privacy/Legal/Utility,Default,Default,Default,EN,Yes,Phase 1,13,Gate 3 (Bulk Import),"Import, Style, Validate","Default content, Table, Columns, Disclaimers",
https://www.wellsfargo.com/investing-wealth/,/investing-wealth/,T11 Wealth/Investing,Wealth,Wealth,Wealth,EN,Yes,Phase 1,8,Gate 1 (Representative),"Import, Style, Validate","Hero, Cards, Columns, Accordion, Disclaimers",
https://www.wellsfargo.com/mobile-online-banking/alerts/,/mobile-online-banking/alerts/,T3 Product Detail,Default,Default,Default,EN,Yes,Phase 1,3,Gate 3 (Bulk Import),"Import, Style, Validate","Hero, Cards, Table, Accordion, help-cta, Disclaimers",
https://www.wellsfargo.com/mobile-online-banking/apps/,/mobile-online-banking/apps/,T3 Product Detail,Default,Default,Default,EN,Yes,Phase 1,3,Gate 3 (Bulk Import),"Import, Style, Validate","Hero, Cards, Table, Accordion, help-cta, Disclaimers",
https://www.wellsfargo.com/mobile-online-banking/financial-tools-services/,/mobile-online-banking/financial-tools-services/,T3 Product Detail,Default,Default,Default,EN,Yes,Phase 1,3,Gate 3 (Bulk Import),"Import, Style, Validate","Hero, Cards, Table, Accordion, help-cta, Disclaimers",
https://www.wellsfargo.com/mobile-online-banking/lifesync/,/mobile-online-banking/lifesync/,T3 Product Detail,Default,Default,Default,EN,Yes,Phase 1,3,Gate 3 (Bulk Import),"Import, Style, Validate","Hero, Cards, Table, Accordion, help-cta, Disclaimers",
https://www.wellsfargo.com/mobile-online-banking/manage-accounts/,/mobile-online-banking/manage-accounts/,T3 Product Detail,Default,Default,Default,EN,Yes,Phase 1,3,Gate 3 (Bulk Import),"Import, Style, Validate","Hero, Cards, Table, Accordion, help-cta, Disclaimers",
https://www.wellsfargo.com/mobile-online-banking/schedule/,/mobile-online-banking/schedule/,T3 Product Detail,Default,Default,Default,EN,Yes,Phase 1,3,Gate 3 (Bulk Import),"Import, Style, Validate","Hero, Cards, Table, Accordion, help-cta, Disclaimers",
https://www.wellsfargo.com/mobile-online-banking/service-fees/,/mobile-online-banking/service-fees/,T3 Product Detail,Default,Default,Default,EN,Yes,Phase 1,3,Gate 3 (Bulk Import),"Import, Style, Validate","Hero, Cards, Table, Accordion, help-cta, Disclaimers",
https://www.wellsfargo.com/mobile-online-banking/transfer-pay/,/mobile-online-banking/transfer-pay/,T3 Product Detail,Default,Default,Default,EN,Yes,Phase 1,3,Gate 3 (Bulk Import),"Import, Style, Validate","Hero, Cards, Table, Accordion, help-cta, Disclaimers",
https://www.wellsfargo.com/mobile-online-banking/transfer-pay/digital-wallet/,/mobile-online-banking/transfer-pay/digital-wallet/,T3 Product Detail,Default,Default,Default,EN,Yes,Phase 1,3,Gate 3 (Bulk Import),"Import, Style, Validate","Hero, Cards, Table, Accordion, help-cta, Disclaimers",
https://www.wellsfargo.com/mobile-online-banking/transfer-pay/digital-wallet/paze/,/mobile-online-banking/transfer-pay/digital-wallet/paze/,T3 Product Detail,Default,Default,Default,EN,Yes,Phase 1,3,Gate 3 (Bulk Import),"Import, Style, Validate","Hero, Cards, Table, Accordion, help-cta, Disclaimers",
https://www.wellsfargo.com/mobile-online-banking/updates/,/mobile-online-banking/updates/,T3 Product Detail,Default,Default,Default,EN,Yes,Phase 1,3,Gate 3 (Bulk Import),"Import, Style, Validate","Hero, Cards, Table, Accordion, help-cta, Disclaimers",
https://www.wellsfargo.com/mortgage/buying-a-house/,/mortgage/buying-a-house/,T3 Product Detail,Default,Default,Default,EN,Yes,Phase 1,3,Gate 2 (Validation Batch),"Import, Style, Validate","Hero, Cards, Table, Accordion, help-cta, Disclaimers",
https://www.wellsfargo.com/mortgage/buying-a-house/affordable-options/,/mortgage/buying-a-house/affordable-options/,T3 Product Detail,Default,Default,Default,EN,Yes,Phase 1,3,Gate 3 (Bulk Import),"Import, Style, Validate","Hero, Cards, Table, Accordion, help-cta, Disclaimers",
https://www.wellsfargo.com/mortgage/buying-a-house/first-time-home-buyer/,/mortgage/buying-a-house/first-time-home-buyer/,T3 Product Detail,Default,Default,Default,EN,Yes,Phase 1,3,Gate 3 (Bulk Import),"Import, Style, Validate","Hero, Cards, Table, Accordion, help-cta, Disclaimers",
https://www.wellsfargo.com/mortgage/faqs/,/mortgage/faqs/,T3 Product Detail,Default,Default,Default,EN,Yes,Phase 1,3,Gate 3 (Bulk Import),"Import, Style, Validate","Hero, Cards, Table, Accordion, help-cta, Disclaimers",
https://www.wellsfargo.com/mortgage/manage-account/,/mortgage/manage-account/,T3 Product Detail,Default,Default,Default,EN,Yes,Phase 1,3,Gate 3 (Bulk Import),"Import, Style, Validate","Hero, Cards, Table, Accordion, help-cta, Disclaimers",
https://www.wellsfargo.com/mortgage/manage-account/disaster-recovery/,/mortgage/manage-account/disaster-recovery/,T3 Product Detail,Default,Default,Default,EN,Yes,Phase 1,3,Gate 3 (Bulk Import),"Import, Style, Validate","Hero, Cards, Table, Accordion, help-cta, Disclaimers",
https://www.wellsfargo.com/mortgage/manage-account/maturing-mortgage/,/mortgage/manage-account/maturing-mortgage/,T3 Product Detail,Default,Default,Default,EN,Yes,Phase 1,3,Gate 3 (Bulk Import),"Import, Style, Validate","Hero, Cards, Table, Accordion, help-cta, Disclaimers",
https://www.wellsfargo.com/mortgage/manage-account/payment-help/,/mortgage/manage-account/payment-help/,T3 Product Detail,Default,Default,Default,EN,Yes,Phase 1,3,Gate 3 (Bulk Import),"Import, Style, Validate","Hero, Cards, Table, Accordion, help-cta, Disclaimers",
https://www.wellsfargo.com/mortgage/manage-account/payment-help/homeowner-assistance-fund/,/mortgage/manage-account/payment-help/homeowner-assistance-fund/,T3 Product Detail,Default,Default,Default,EN,Yes,Phase 1,3,Gate 3 (Bulk Import),"Import, Style, Validate","Hero, Cards, Table, Accordion, help-cta, Disclaimers",
https://www.wellsfargo.com/mortgage/manage-account/payment-help/mortgage-assistance-application/,/mortgage/manage-account/payment-help/mortgage-assistance-application/,T3 Product Detail,Default,Default,Default,EN,Yes,Phase 1,3,Gate 3 (Bulk Import),"Import, Style, Validate","Hero, Cards, Table, Accordion, help-cta, Disclaimers",
https://www.wellsfargo.com/mortgage/mortgage-refinance/,/mortgage/mortgage-refinance/,T3 Product Detail,Default,Default,Default,EN,Yes,Phase 1,3,Gate 3 (Bulk Import),"Import, Style, Validate","Hero, Cards, Table, Accordion, help-cta, Disclaimers",
https://www.wellsfargo.com/mortgage/mortgage-refinance/cash-out-refinance/,/mortgage/mortgage-refinance/cash-out-refinance/,T3 Product Detail,Default,Default,Default,EN,Yes,Phase 1,3,Gate 3 (Bulk Import),"Import, Style, Validate","Hero, Cards, Table, Accordion, help-cta, Disclaimers",
https://www.wellsfargo.com/mortgage/rates-mobile/,/mortgage/rates-mobile/,T3 Product Detail,Default,Default,Default,EN,Yes,Phase 1,3,Gate 3 (Bulk Import),"Import, Style, Validate","Hero, Cards, Table, Accordion, help-cta, Disclaimers",
https://www.wellsfargo.com/online-banking/biometric/,/online-banking/biometric/,T3 Product Detail,Default,Default,Default,EN,Yes,Phase 1,3,Gate 3 (Bulk Import),"Import, Style, Validate","Hero, Cards, Table, Accordion, help-cta, Disclaimers",
https://www.wellsfargo.com/online-banking/manage-accounts/card-controls/,/online-banking/manage-accounts/card-controls/,T3 Product Detail,Default,Default,Default,EN,Yes,Phase 1,3,Gate 3 (Bulk Import),"Import, Style, Validate","Hero, Cards, Table, Accordion, help-cta, Disclaimers",
https://www.wellsfargo.com/online-banking/private-banking-consumer-deposits-disclosure/,/online-banking/private-banking-consumer-deposits-disclosure/,T3 Product Detail,Default,Default,Default,EN,Yes,Phase 1,3,Gate 3 (Bulk Import),"Import, Style, Validate","Hero, Cards, Table, Accordion, help-cta, Disclaimers",
https://www.wellsfargo.com/online-banking/transfer-pay/comparison-chart/,/online-banking/transfer-pay/comparison-chart/,T3 Product Detail,Default,Default,Default,EN,Yes,Phase 1,3,Gate 3 (Bulk Import),"Import, Style, Validate","Hero, Cards, Table, Accordion, help-cta, Disclaimers",
https://www.wellsfargo.com/online-banking/transfers/zelle-terms-upcoming/,/online-banking/transfers/zelle-terms-upcoming/,T3 Product Detail,Default,Default,Default,EN,Yes,Phase 1,3,Gate 3 (Bulk Import),"Import, Style, Validate","Hero, Cards, Table, Accordion, help-cta, Disclaimers",
https://www.wellsfargo.com/online-banking/transfers/zelle-terms/,/online-banking/transfers/zelle-terms/,T3 Product Detail,Default,Default,Default,EN,Yes,Phase 1,3,Gate 3 (Bulk Import),"Import, Style, Validate","Hero, Cards, Table, Accordion, help-cta, Disclaimers",
https://www.wellsfargo.com/online-banking/wires/,/online-banking/wires/,T3 Product Detail,Default,Default,Default,EN,Yes,Phase 1,3,Gate 3 (Bulk Import),"Import, Style, Validate","Hero, Cards, Table, Accordion, help-cta, Disclaimers",
https://www.wellsfargo.com/online-banking/zelle/,/online-banking/zelle/,T3 Product Detail,Default,Default,Default,EN,Yes,Phase 1,3,Gate 3 (Bulk Import),"Import, Style, Validate","Hero, Cards, Table, Accordion, help-cta, Disclaimers",
https://www.wellsfargo.com/online-banking/zelle/donate/,/online-banking/zelle/donate/,T3 Product Detail,Default,Default,Default,EN,Yes,Phase 1,3,Gate 3 (Bulk Import),"Import, Style, Validate","Hero, Cards, Table, Accordion, help-cta, Disclaimers",
https://www.wellsfargo.com/online-banking/zelle/get-started/,/online-banking/zelle/get-started/,T3 Product Detail,Default,Default,Default,EN,Yes,Phase 1,3,Gate 3 (Bulk Import),"Import, Style, Validate","Hero, Cards, Table, Accordion, help-cta, Disclaimers",
https://www.wellsfargo.com/personal-loans/debt-consolidation-calculator/,/personal-loans/debt-consolidation-calculator/,T3 Product Detail (Calculator Stub),Default,Default,Default,EN,Stub,Phase 1,3,-,Stub page - link to live calculator,"Hero, Cards, Table, Accordion, help-cta, Disclaimers",Calculator page - stub with link to live tool
https://www.wellsfargo.com/personal-loans/personal-loan-calculator/,/personal-loans/personal-loan-calculator/,T3 Product Detail (Calculator Stub),Default,Default,Default,EN,Stub,Phase 1,3,-,Stub page - link to live calculator,"Hero, Cards, Table, Accordion, help-cta, Disclaimers",Calculator page - stub with link to live tool
https://www.wellsfargo.com/premier/,/premier/,T2 L1 Product Landing,Default,Default,Default,EN,Yes,Phase 1,2,Gate 3 (Bulk Import),"Import, Style, Validate","Hero, Tabs, product-comparison, Accordion, help-cta, Disclaimers",
https://www.wellsfargo.com/privacy-security/account-verification-terms-and-conditions/,/privacy-security/account-verification-terms-and-conditions/,T12 Privacy/Legal/Utility,Default,Default,Default,EN,Yes,Phase 1,13,Gate 3 (Bulk Import),"Import, Style, Validate","Default content, Table, Columns, Disclaimers",
https://www.wellsfargo.com/privacy-security/address-confidentiality/,/privacy-security/address-confidentiality/,T12 Privacy/Legal/Utility,Default,Default,Default,EN,Yes,Phase 1,13,Gate 3 (Bulk Import),"Import, Style, Validate","Default content, Table, Columns, Disclaimers",
https://www.wellsfargo.com/privacy-security/california-consumer-privacy-notice/annual-disclosure/,/privacy-security/california-consumer-privacy-notice/annual-disclosure/,T12 Privacy/Legal/Utility,Default,Default,Default,EN,Yes,Phase 1,13,Gate 3 (Bulk Import),"Import, Style, Validate","Default content, Table, Columns, Disclaimers",
https://www.wellsfargo.com/privacy-security/esign-consent/,/privacy-security/esign-consent/,T12 Privacy/Legal/Utility,Default,Default,Default,EN,Yes,Phase 1,13,Gate 3 (Bulk Import),"Import, Style, Validate","Default content, Table, Columns, Disclaimers",
https://www.wellsfargo.com/privacy-security/fico-agreement/,/privacy-security/fico-agreement/,T12 Privacy/Legal/Utility,Default,Default,Default,EN,Yes,Phase 1,13,Gate 3 (Bulk Import),"Import, Style, Validate","Default content, Table, Columns, Disclaimers",
https://www.wellsfargo.com/privacy-security/fraud/,/privacy-security/fraud/,T12 Privacy/Legal/Utility,Default,Default,Default,EN,Yes,Phase 1,13,Gate 2 (Validation Batch),"Import, Style, Validate","Default content, Table, Columns, Disclaimers",
https://www.wellsfargo.com/privacy-security/fraud/articles/,/privacy-security/fraud/articles/,T7 Security/Fraud Center,Default,Default,Default,EN,Yes,Phase 1,12,Gate 2 (Validation Batch),"Import, Style, Validate","Callout, Cards, Tabs, Fragment, Disclaimers",
https://www.wellsfargo.com/privacy-security/fraud/articles/data-breach-security/,/privacy-security/fraud/articles/data-breach-security/,T7 Security/Fraud Center,Default,Default,Default,EN,Yes,Phase 1,12,Gate 3 (Bulk Import),"Import, Style, Validate","Callout, Cards, Tabs, Fragment, Disclaimers",
https://www.wellsfargo.com/privacy-security/fraud/articles/mobile-banking-safety/,/privacy-security/fraud/articles/mobile-banking-safety/,T7 Security/Fraud Center,Default,Default,Default,EN,Yes,Phase 1,12,Gate 3 (Bulk Import),"Import, Style, Validate","Callout, Cards, Tabs, Fragment, Disclaimers",
https://www.wellsfargo.com/privacy-security/fraud/articles/safety-tips-wire-transfers/,/privacy-security/fraud/articles/safety-tips-wire-transfers/,T7 Security/Fraud Center,Default,Default,Default,EN,Yes,Phase 1,12,Gate 3 (Bulk Import),"Import, Style, Validate","Callout, Cards, Tabs, Fragment, Disclaimers",
https://www.wellsfargo.com/privacy-security/fraud/articles/travel-tips/,/privacy-security/fraud/articles/travel-tips/,T7 Security/Fraud Center,Default,Default,Default,EN,Yes,Phase 1,12,Gate 3 (Bulk Import),"Import, Style, Validate","Callout, Cards, Tabs, Fragment, Disclaimers",
https://www.wellsfargo.com/privacy-security/fraud/articles/two-factor-authentication/,/privacy-security/fraud/articles/two-factor-authentication/,T7 Security/Fraud Center,Default,Default,Default,EN,Yes,Phase 1,12,Gate 3 (Bulk Import),"Import, Style, Validate","Callout, Cards, Tabs, Fragment, Disclaimers",
https://www.wellsfargo.com/privacy-security/fraud/bank-scams/,/privacy-security/fraud/bank-scams/,T7 Security/Fraud Center,Default,Default,Default,EN,Yes,Phase 1,12,Gate 1 (Representative),"Import, Style, Validate","Callout, Cards, Tabs, Fragment, Disclaimers",
https://www.wellsfargo.com/privacy-security/fraud/bank-scams/bank-imposter/,/privacy-security/fraud/bank-scams/bank-imposter/,T7 Security/Fraud Center,Default,Default,Default,EN,Yes,Phase 1,12,Gate 3 (Bulk Import),"Import, Style, Validate","Callout, Cards, Tabs, Fragment, Disclaimers",
https://www.wellsfargo.com/privacy-security/fraud/bank-scams/elder-financial-scams/,/privacy-security/fraud/bank-scams/elder-financial-scams/,T7 Security/Fraud Center,Default,Default,Default,EN,Yes,Phase 1,12,Gate 3 (Bulk Import),"Import, Style, Validate","Callout, Cards, Tabs, Fragment, Disclaimers",
https://www.wellsfargo.com/privacy-security/fraud/bank-scams/fake-check-scams/,/privacy-security/fraud/bank-scams/fake-check-scams/,T7 Security/Fraud Center,Default,Default,Default,EN,Yes,Phase 1,12,Gate 3 (Bulk Import),"Import, Style, Validate","Callout, Cards, Tabs, Fragment, Disclaimers",
https://www.wellsfargo.com/privacy-security/fraud/bank-scams/online-payment-scams/,/privacy-security/fraud/bank-scams/online-payment-scams/,T7 Security/Fraud Center,Default,Default,Default,EN,Yes,Phase 1,12,Gate 3 (Bulk Import),"Import, Style, Validate","Callout, Cards, Tabs, Fragment, Disclaimers",
https://www.wellsfargo.com/privacy-security/fraud/bank-scams/online-shopping-scams/,/privacy-security/fraud/bank-scams/online-shopping-scams/,T7 Security/Fraud Center,Default,Default,Default,EN,Yes,Phase 1,12,Gate 3 (Bulk Import),"Import, Style, Validate","Callout, Cards, Tabs, Fragment, Disclaimers",
https://www.wellsfargo.com/privacy-security/fraud/bank-scams/social-media-scams/,/privacy-security/fraud/bank-scams/social-media-scams/,T7 Security/Fraud Center,Default,Default,Default,EN,Yes,Phase 1,12,Gate 3 (Bulk Import),"Import, Style, Validate","Callout, Cards, Tabs, Fragment, Disclaimers",
https://www.wellsfargo.com/privacy-security/fraud/bank-scams/tax-scams/,/privacy-security/fraud/bank-scams/tax-scams/,T7 Security/Fraud Center,Default,Default,Default,EN,Yes,Phase 1,12,Gate 3 (Bulk Import),"Import, Style, Validate","Callout, Cards, Tabs, Fragment, Disclaimers",
https://www.wellsfargo.com/privacy-security/fraud/bank-scams/tech-support/,/privacy-security/fraud/bank-scams/tech-support/,T7 Security/Fraud Center,Default,Default,Default,EN,Yes,Phase 1,12,Gate 3 (Bulk Import),"Import, Style, Validate","Callout, Cards, Tabs, Fragment, Disclaimers",
https://www.wellsfargo.com/privacy-security/fraud/protect/fraud-tips/,/privacy-security/fraud/protect/fraud-tips/,T7 Security/Fraud Center,Default,Default,Default,EN,Yes,Phase 1,12,Gate 3 (Bulk Import),"Import, Style, Validate","Callout, Cards, Tabs, Fragment, Disclaimers",
https://www.wellsfargo.com/privacy-security/fraud/protecting-you/,/privacy-security/fraud/protecting-you/,T7 Security/Fraud Center,Default,Default,Default,EN,Yes,Phase 1,12,Gate 3 (Bulk Import),"Import, Style, Validate","Callout, Cards, Tabs, Fragment, Disclaimers",
https://www.wellsfargo.com/privacy-security/fraud/report/,/privacy-security/fraud/report/,T7 Security/Fraud Center,Default,Default,Default,EN,Yes,Phase 1,12,Gate 2 (Validation Batch),"Import, Style, Validate","Callout, Cards, Tabs, Fragment, Disclaimers",
https://www.wellsfargo.com/privacy-security/fraud/report/identity-theft/,/privacy-security/fraud/report/identity-theft/,T7 Security/Fraud Center,Default,Default,Default,EN,Yes,Phase 1,12,Gate 3 (Bulk Import),"Import, Style, Validate","Callout, Cards, Tabs, Fragment, Disclaimers",
https://www.wellsfargo.com/privacy-security/fraud/report/phish/,/privacy-security/fraud/report/phish/,T7 Security/Fraud Center,Default,Default,Default,EN,Yes,Phase 1,12,Gate 3 (Bulk Import),"Import, Style, Validate","Callout, Cards, Tabs, Fragment, Disclaimers",
https://www.wellsfargo.com/privacy-security/fraud/responsible-disclosure-program/,/privacy-security/fraud/responsible-disclosure-program/,T7 Security/Fraud Center,Default,Default,Default,EN,Yes,Phase 1,12,Gate 3 (Bulk Import),"Import, Style, Validate","Callout, Cards, Tabs, Fragment, Disclaimers",
https://www.wellsfargo.com/privacy-security/fraud/security-tools-and-options/,/privacy-security/fraud/security-tools-and-options/,T7 Security/Fraud Center,Default,Default,Default,EN,Yes,Phase 1,12,Gate 3 (Bulk Import),"Import, Style, Validate","Callout, Cards, Tabs, Fragment, Disclaimers",
https://www.wellsfargo.com/privacy-security/online/,/privacy-security/online/,T12 Privacy/Legal/Utility,Default,Default,Default,EN,Yes,Phase 1,13,Gate 3 (Bulk Import),"Import, Style, Validate","Default content, Table, Columns, Disclaimers",
https://www.wellsfargo.com/privacy-security/opt-out-notice/,/privacy-security/opt-out-notice/,T12 Privacy/Legal/Utility,Default,Default,Default,EN,Yes,Phase 1,13,Gate 3 (Bulk Import),"Import, Style, Validate","Default content, Table, Columns, Disclaimers",
https://www.wellsfargo.com/privacy-security/terms/dmca-notice/,/privacy-security/terms/dmca-notice/,T12 Privacy/Legal/Utility,Default,Default,Default,EN,Yes,Phase 1,13,Gate 3 (Bulk Import),"Import, Style, Validate","Default content, Table, Columns, Disclaimers",
https://www.wellsfargo.com/privacy-security/voice-verification/,/privacy-security/voice-verification/,T12 Privacy/Legal/Utility,Default,Default,Default,EN,Yes,Phase 1,13,Gate 3 (Bulk Import),"Import, Style, Validate","Default content, Table, Columns, Disclaimers",
https://www.wellsfargo.com/rewards/,/rewards/,T4 L2 Category Hub,Default,Default,Default,EN,Yes,Phase 1,10,Gate 2 (Validation Batch),"Import, Style, Validate","Hero, Cards, Columns, Accordion, App Promo, Disclaimers",
https://www.wellsfargo.com/savings-cds/certificate-of-deposit/,/savings-cds/certificate-of-deposit/,T3 Product Detail,Default,Default,Default,EN,Yes,Phase 1,3,Gate 2 (Validation Batch),"Import, Style, Validate","Hero, Cards, Table, Accordion, help-cta, Disclaimers",
https://www.wellsfargo.com/savings-cds/kids-account-ownership-options/,/savings-cds/kids-account-ownership-options/,T3 Product Detail,Default,Default,Default,EN,Yes,Phase 1,3,Gate 3 (Bulk Import),"Import, Style, Validate","Hero, Cards, Table, Accordion, help-cta, Disclaimers",
https://www.wellsfargo.com/savings-cds/kids/,/savings-cds/kids/,T3 Product Detail,Default,Default,Default,EN,Yes,Phase 1,3,Gate 3 (Bulk Import),"Import, Style, Validate","Hero, Cards, Table, Accordion, help-cta, Disclaimers",
https://www.wellsfargo.com/savings-cds/platinum/,/savings-cds/platinum/,T3 Product Detail,Default,Default,Default,EN,Yes,Phase 1,3,Gate 2 (Validation Batch),"Import, Style, Validate","Hero, Cards, Table, Accordion, help-cta, Disclaimers",
https://www.wellsfargo.com/savings-cds/platinum/identification-required-to-open/,/savings-cds/platinum/identification-required-to-open/,T3 Product Detail,Default,Default,Default,EN,Yes,Phase 1,3,Gate 3 (Bulk Import),"Import, Style, Validate","Hero, Cards, Table, Accordion, help-cta, Disclaimers",
https://www.wellsfargo.com/savings-cds/rates/,/savings-cds/rates/,T3 Product Detail,Default,Default,Default,EN,Yes,Phase 1,3,Gate 3 (Bulk Import),"Import, Style, Validate","Hero, Cards, Table, Accordion, help-cta, Disclaimers",
https://www.wellsfargo.com/savings-cds/test/Copy_2_of_index/,/savings-cds/test/Copy_2_of_index/,Excluded (Test),Default,Default,Default,EN,No,Excluded,14,-,-,-,Test page - excluded
https://www.wellsfargo.com/savings-cds/test/Copy_of_index/,/savings-cds/test/Copy_of_index/,Excluded (Test),Default,Default,Default,EN,No,Excluded,14,-,-,-,Test page - excluded
https://www.wellsfargo.com/savings-cds/way2save/,/savings-cds/way2save/,T3 Product Detail,Default,Default,Default,EN,Yes,Phase 1,3,Gate 2 (Validation Batch),"Import, Style, Validate","Hero, Cards, Table, Accordion, help-cta, Disclaimers",
https://www.wellsfargo.com/savings-cds/way2save/identification-required-to-open/,/savings-cds/way2save/identification-required-to-open/,T3 Product Detail,Default,Default,Default,EN,Yes,Phase 1,3,Gate 3 (Bulk Import),"Import, Style, Validate","Hero, Cards, Table, Accordion, help-cta, Disclaimers",
https://www.wellsfargo.com/tax-center/,/tax-center/,T12 Privacy/Legal/Utility,Default,Default,Default,EN,Yes,Phase 1,13,Gate 2 (Validation Batch),"Import, Style, Validate","Default content, Table, Columns, Disclaimers",
